OFFBY      /Users/annenpolka/ghq/github.com/annenpolka/voidtrace/packages/experiments/src/index.test.ts:458  callCount === 2
           same-field neighbor is off by one from the cut
           CUT    3  /Users/annenpolka/ghq/github.com/annenpolka/voidtrace/packages/experiments/src/index.test.ts:523  (off-by-one d=1)

OFFBY      /Users/annenpolka/ghq/github.com/annenpolka/voidtrace/packages/experiments/src/scenario-patch.ts:136  segments.length === 3
           same-field neighbor is off by one from the cut
           CUT    2  /Users/annenpolka/ghq/github.com/annenpolka/voidtrace/packages/experiments/src/scenario-patch.ts:137  (off-by-one d=1)
           CUT    2  /Users/annenpolka/ghq/github.com/annenpolka/voidtrace/packages/experiments/src/scenario-patch.ts:143  (off-by-one d=1)
           CUT    2  /Users/annenpolka/ghq/github.com/annenpolka/voidtrace/packages/experiments/src/scenario-patch.ts:151  (off-by-one d=1)
           CUT    2  /Users/annenpolka/ghq/github.com/annenpolka/voidtrace/packages/experiments/src/scenario-patch.ts:162  (off-by-one d=1)

OFFBY      /Users/annenpolka/ghq/github.com/annenpolka/voidtrace/packages/experiments/src/scenario-patch.ts:140  segments.length === 4
           same-field neighbor is off by one from the cut
           CUT    3  /Users/annenpolka/ghq/github.com/annenpolka/voidtrace/packages/experiments/src/scenario-patch.ts:145  (off-by-one d=1)
           CUT    3  /Users/annenpolka/ghq/github.com/annenpolka/voidtrace/packages/experiments/src/scenario-patch.ts:153  (off-by-one d=1)
           CUT    3  /Users/annenpolka/ghq/github.com/annenpolka/voidtrace/packages/experiments/src/scenario-patch.ts:164  (off-by-one d=1)

OFFBY      /Users/annenpolka/ghq/github.com/annenpolka/voidtrace/packages/experiments/src/scenario-patch.ts:148  segments.length === 4
           same-field neighbor is off by one from the cut
           CUT    3  /Users/annenpolka/ghq/github.com/annenpolka/voidtrace/packages/experiments/src/scenario-patch.ts:145  (off-by-one d=1)
           CUT    3  /Users/annenpolka/ghq/github.com/annenpolka/voidtrace/packages/experiments/src/scenario-patch.ts:153  (off-by-one d=1)
           CUT    3  /Users/annenpolka/ghq/github.com/annenpolka/voidtrace/packages/experiments/src/scenario-patch.ts:164  (off-by-one d=1)

OFFBY      /Users/annenpolka/ghq/github.com/annenpolka/voidtrace/packages/experiments/src/scenario-patch.ts:155  segments.length === 2
           same-field neighbor is off by one from the cut
           CUT    3  /Users/annenpolka/ghq/github.com/annenpolka/voidtrace/packages/experiments/src/scenario-patch.ts:145  (off-by-one d=1)
           CUT    3  /Users/annenpolka/ghq/github.com/annenpolka/voidtrace/packages/experiments/src/scenario-patch.ts:153  (off-by-one d=1)
           CUT    3  /Users/annenpolka/ghq/github.com/annenpolka/voidtrace/packages/experiments/src/scenario-patch.ts:164  (off-by-one d=1)

OFFBY      /Users/annenpolka/ghq/github.com/annenpolka/voidtrace/packages/experiments/src/scenario-patch.ts:159  segments.length === 4
           same-field neighbor is off by one from the cut
           CUT    3  /Users/annenpolka/ghq/github.com/annenpolka/voidtrace/packages/experiments/src/scenario-patch.ts:145  (off-by-one d=1)
           CUT    3  /Users/annenpolka/ghq/github.com/annenpolka/voidtrace/packages/experiments/src/scenario-patch.ts:153  (off-by-one d=1)
           CUT    3  /Users/annenpolka/ghq/github.com/annenpolka/voidtrace/packages/experiments/src/scenario-patch.ts:164  (off-by-one d=1)

OFFBY      /Users/annenpolka/ghq/github.com/annenpolka/voidtrace/packages/experiments/src/scenario-patch.ts:166  segments.length === 2
           same-field neighbor is off by one from the cut
           CUT    3  /Users/annenpolka/ghq/github.com/annenpolka/voidtrace/packages/experiments/src/scenario-patch.ts:145  (off-by-one d=1)
           CUT    3  /Users/annenpolka/ghq/github.com/annenpolka/voidtrace/packages/experiments/src/scenario-patch.ts:153  (off-by-one d=1)
           CUT    3  /Users/annenpolka/ghq/github.com/annenpolka/voidtrace/packages/experiments/src/scenario-patch.ts:164  (off-by-one d=1)

OFFBY      /Users/annenpolka/ghq/github.com/annenpolka/voidtrace/packages/experiments/src/scenario-patch.ts:170  segments.length === 2
           same-field neighbor is off by one from the cut
           CUT    3  /Users/annenpolka/ghq/github.com/annenpolka/voidtrace/packages/experiments/src/scenario-patch.ts:145  (off-by-one d=1)
           CUT    3  /Users/annenpolka/ghq/github.com/annenpolka/voidtrace/packages/experiments/src/scenario-patch.ts:153  (off-by-one d=1)
           CUT    3  /Users/annenpolka/ghq/github.com/annenpolka/voidtrace/packages/experiments/src/scenario-patch.ts:164  (off-by-one d=1)

OFFBY      /Users/annenpolka/ghq/github.com/annenpolka/voidtrace/packages/kernel/src/evaluate.test.ts:2623  decision.eventTimeMs === 2000
           same-field neighbor is off by one from the cut
           CUT    2001  /Users/annenpolka/ghq/github.com/annenpolka/voidtrace/packages/kernel/src/evaluate.test.ts:2624  (off-by-one d=1 field=eventTimeMs)
           CUT    2001  /Users/annenpolka/ghq/github.com/annenpolka/voidtrace/packages/kernel/src/evaluate.test.ts:2647  (off-by-one d=1 field=eventTimeMs)

OFFBY      /Users/annenpolka/ghq/github.com/annenpolka/voidtrace/packages/kernel/src/evaluate.test.ts:2646  decision.eventTimeMs === 2000
           same-field neighbor is off by one from the cut
           CUT    2001  /Users/annenpolka/ghq/github.com/annenpolka/voidtrace/packages/kernel/src/evaluate.test.ts:2624  (off-by-one d=1 field=eventTimeMs)
           CUT    2001  /Users/annenpolka/ghq/github.com/annenpolka/voidtrace/packages/kernel/src/evaluate.test.ts:2647  (off-by-one d=1 field=eventTimeMs)

OFFBY      /Users/annenpolka/ghq/github.com/annenpolka/voidtrace/packages/kernel/src/evaluate.test.ts:2989  decision.eventTimeMs === 200
           same-field neighbor is off by one from the cut
           CUT    201  /Users/annenpolka/ghq/github.com/annenpolka/voidtrace/packages/kernel/src/evaluate.test.ts:2990  (off-by-one d=1 field=eventTimeMs)

OFFBY      /Users/annenpolka/ghq/github.com/annenpolka/voidtrace/packages/kernel/src/trace-replay.ts:1597  nextBeamTickStep === 3
           same-field neighbor is off by one from the cut
           CUT    4  /Users/annenpolka/ghq/github.com/annenpolka/voidtrace/packages/kernel/src/trace-replay.ts:1898  (off-by-one d=1)

BRINK      /Users/annenpolka/ghq/github.com/annenpolka/voidtrace/packages/kernel/src/evaluate.test.ts:1908  criticalRoll < 0.25
           exclusive bound; 0.25 is constructed (last miss)
           CUT    0.25  /Users/annenpolka/ghq/github.com/annenpolka/voidtrace/packages/kernel/src/scenario-domain.test.ts:1459  (exclusive field=criticalRoll)
           CUT    0.25  /Users/annenpolka/ghq/github.com/annenpolka/voidtrace/packages/kernel/src/scenario-domain.test.ts:1479  (exclusive field=criticalRoll)
           CUT    0.25  /Users/annenpolka/ghq/github.com/annenpolka/voidtrace/packages/kernel/src/scenario-domain.test.ts:1501  (exclusive field=criticalRoll)
           CUT    0.25  /Users/annenpolka/ghq/github.com/annenpolka/voidtrace/packages/kernel/src/evaluate.test.ts:2183  (exclusive)

BRINK      /Users/annenpolka/ghq/github.com/annenpolka/voidtrace/packages/kernel/src/evaluate.test.ts:2102  total >= 1
           exclusive bound; 0 is constructed (last miss)
           CUT    0  /Users/annenpolka/ghq/github.com/annenpolka/voidtrace/packages/rules/src/execution.ts:1114  (exclusive field=total)

BRINK      /Users/annenpolka/ghq/github.com/annenpolka/voidtrace/packages/kernel/src/evaluate.test.ts:2102  total <= 8
           constructed values sit on both sides of the cut
           CUT    9  /Users/annenpolka/ghq/github.com/annenpolka/voidtrace/packages/kernel/src/evaluate.test.ts:672  (exclusive)
           CUT    9  /Users/annenpolka/ghq/github.com/annenpolka/voidtrace/packages/kernel/src/evaluate.test.ts:716  (exclusive)
           CUT    9  /Users/annenpolka/ghq/github.com/annenpolka/voidtrace/packages/kernel/src/evaluate.test.ts:3137  (exclusive)
           CUT    8  /Users/annenpolka/ghq/github.com/annenpolka/voidtrace/packages/kernel/src/evaluate.test.ts:672  (inclusive)
           CUT    8  /Users/annenpolka/ghq/github.com/annenpolka/voidtrace/packages/kernel/src/evaluate.test.ts:704  (inclusive)
           CUT    8  /Users/annenpolka/ghq/github.com/annenpolka/voidtrace/packages/kernel/src/evaluate.test.ts:2048  (inclusive)

BRINK      /Users/annenpolka/ghq/github.com/annenpolka/voidtrace/packages/kernel/src/evaluate.ts:1446  domain.action.pelletCount < 1
           inclusive bound; 0 is constructed (first/last hit)
           CUT    0  /Users/annenpolka/ghq/github.com/annenpolka/voidtrace/packages/kernel/src/scenario-domain.ts:1188  (inclusive field=pelletCount)
           CUT    0  /Users/annenpolka/ghq/github.com/annenpolka/voidtrace/packages/kernel/src/scenario-domain.ts:1940  (inclusive field=pelletCount)
           CUT    0  /Users/annenpolka/ghq/github.com/annenpolka/voidtrace/packages/kernel/src/scenario-domain.ts:2317  (inclusive field=pelletCount)
           CUT    0  /Users/annenpolka/ghq/github.com/annenpolka/voidtrace/packages/kernel/src/scenario-domain.ts:2502  (inclusive field=pelletCount)
           CUT    0  /Users/annenpolka/ghq/github.com/annenpolka/voidtrace/packages/kernel/src/scenario-domain.ts:2753  (inclusive field=pelletCount)

BRINK      /Users/annenpolka/ghq/github.com/annenpolka/voidtrace/packages/kernel/src/scenario-domain.ts:552  tickIntervalMs < 1
           exclusive bound; 1 is constructed (last miss)
           CUT    1  /Users/annenpolka/ghq/github.com/annenpolka/voidtrace/packages/kernel/src/evaluate.test.ts:2904  (exclusive field=tickIntervalMs)
           CUT    1  /Users/annenpolka/ghq/github.com/annenpolka/voidtrace/packages/kernel/src/evaluate.test.ts:3490  (exclusive field=tickIntervalMs)
           CUT    1  /Users/annenpolka/ghq/github.com/annenpolka/voidtrace/packages/rules/src/execution.test.ts:427  (exclusive field=tickIntervalMs)

BRINK      /Users/annenpolka/ghq/github.com/annenpolka/voidtrace/packages/kernel/src/scenario-domain.ts:574  tickCount < 1
           exclusive bound; 1 is constructed (last miss)
           CUT    1  /Users/annenpolka/ghq/github.com/annenpolka/voidtrace/packages/rules/src/execution.test.ts:645  (exclusive field=tickCount)

BRINK      /Users/annenpolka/ghq/github.com/annenpolka/voidtrace/packages/kernel/src/scenario-domain.ts:723  scenario.targetGraph.relations.length < 1
           inclusive bound; 0 is constructed (first/last hit)
           CUT    0  /Users/annenpolka/ghq/github.com/annenpolka/voidtrace/packages/rules/src/execution.test.ts:192  (inclusive field=length)
           CUT    0  /Users/annenpolka/ghq/github.com/annenpolka/voidtrace/packages/sdk/src/index.test.ts:499  (inclusive field=length)
           CUT    0  /Users/annenpolka/ghq/github.com/annenpolka/voidtrace/packages/sdk/src/index.test.ts:596  (inclusive field=length)

BRINK      /Users/annenpolka/ghq/github.com/annenpolka/voidtrace/packages/kernel/src/scenario-domain.ts:724  scenario.targetGraph.relations.length > 64
           inclusive bound; 65 is constructed (first/last hit)
           CUT    65  /Users/annenpolka/ghq/github.com/annenpolka/voidtrace/packages/experiments/src/scenario-patch.test.ts:441  (inclusive field=length)

BRINK      /Users/annenpolka/ghq/github.com/annenpolka/voidtrace/packages/kernel/src/scenario-domain.ts:942  minimumFalloffMultiplier.value > 1
           constructed values sit on both sides of the cut
           CUT    1  /Users/annenpolka/ghq/github.com/annenpolka/voidtrace/packages/experiments/src/finite-sweep.test.ts:474  (exclusive field=value)
           CUT    1  /Users/annenpolka/ghq/github.com/annenpolka/voidtrace/packages/experiments/src/finite-sweep.test.ts:577  (exclusive field=value)
           CUT    1  /Users/annenpolka/ghq/github.com/annenpolka/voidtrace/packages/experiments/src/scenario-patch.test.ts:219  (exclusive field=value)
           CUT    1  /Users/annenpolka/ghq/github.com/annenpolka/voidtrace/packages/experiments/src/scenario-patch.test.ts:220  (exclusive field=value)
           CUT    1  /Users/annenpolka/ghq/github.com/annenpolka/voidtrace/packages/experiments/src/scenario-patch.test.ts:221  (exclusive field=value)
           CUT    1  /Users/annenpolka/ghq/github.com/annenpolka/voidtrace/packages/experiments/src/scenario-patch.test.ts:222  (exclusive field=value)

BRINK      /Users/annenpolka/ghq/github.com/annenpolka/voidtrace/packages/kernel/src/scenario-domain.ts:1060  falloffMultiplier > 1
           exclusive bound; 1 is constructed (last miss)
           CUT    1  /Users/annenpolka/ghq/github.com/annenpolka/voidtrace/packages/kernel/src/scenario-domain.test.ts:434  (exclusive field=falloffMultiplier)

BRINK      /Users/annenpolka/ghq/github.com/annenpolka/voidtrace/packages/kernel/src/scenario-domain.ts:1234  scenario.targetGraph.relations.length < 1
           inclusive bound; 0 is constructed (first/last hit)
           CUT    0  /Users/annenpolka/ghq/github.com/annenpolka/voidtrace/packages/rules/src/execution.test.ts:192  (inclusive field=length)
           CUT    0  /Users/annenpolka/ghq/github.com/annenpolka/voidtrace/packages/sdk/src/index.test.ts:499  (inclusive field=length)
           CUT    0  /Users/annenpolka/ghq/github.com/annenpolka/voidtrace/packages/sdk/src/index.test.ts:596  (inclusive field=length)

BRINK      /Users/annenpolka/ghq/github.com/annenpolka/voidtrace/packages/kernel/src/scenario-domain.ts:1235  scenario.targetGraph.relations.length > 64
           inclusive bound; 65 is constructed (first/last hit)
           CUT    65  /Users/annenpolka/ghq/github.com/annenpolka/voidtrace/packages/experiments/src/scenario-patch.test.ts:441  (inclusive field=length)

BRINK      /Users/annenpolka/ghq/github.com/annenpolka/voidtrace/packages/kernel/src/scenario-domain.ts:1321  pelletCount < 1
           inclusive bound; 0 is constructed (first/last hit)
           CUT    0  /Users/annenpolka/ghq/github.com/annenpolka/voidtrace/packages/kernel/src/scenario-domain.ts:1188  (inclusive field=pelletCount)
           CUT    0  /Users/annenpolka/ghq/github.com/annenpolka/voidtrace/packages/kernel/src/scenario-domain.ts:1940  (inclusive field=pelletCount)
           CUT    0  /Users/annenpolka/ghq/github.com/annenpolka/voidtrace/packages/kernel/src/scenario-domain.ts:2317  (inclusive field=pelletCount)
           CUT    0  /Users/annenpolka/ghq/github.com/annenpolka/voidtrace/packages/kernel/src/scenario-domain.ts:2502  (inclusive field=pelletCount)
           CUT    0  /Users/annenpolka/ghq/github.com/annenpolka/voidtrace/packages/kernel/src/scenario-domain.ts:2753  (inclusive field=pelletCount)

BRINK      /Users/annenpolka/ghq/github.com/annenpolka/voidtrace/packages/kernel/src/scenario-domain.ts:1322  pelletCount > 64
           inclusive bound; 65 is constructed (first/last hit)
           CUT    65  /Users/annenpolka/ghq/github.com/annenpolka/voidtrace/packages/rules/src/execution.test.ts:311  (inclusive field=pelletCount)

BRINK      /Users/annenpolka/ghq/github.com/annenpolka/voidtrace/packages/kernel/src/scenario-domain.ts:1662  relation.targetIds.length > 64
           inclusive bound; 65 is constructed (first/last hit)
           CUT    65  /Users/annenpolka/ghq/github.com/annenpolka/voidtrace/packages/experiments/src/scenario-patch.test.ts:441  (inclusive field=length)

BRINK      /Users/annenpolka/ghq/github.com/annenpolka/voidtrace/packages/kernel/src/scenario-domain.ts:2211  tickCount < 1
           exclusive bound; 1 is constructed (last miss)
           CUT    1  /Users/annenpolka/ghq/github.com/annenpolka/voidtrace/packages/rules/src/execution.test.ts:645  (exclusive field=tickCount)

BRINK      /Users/annenpolka/ghq/github.com/annenpolka/voidtrace/packages/kernel/src/scenario-domain.ts:2223  tickIntervalMs < 1
           exclusive bound; 1 is constructed (last miss)
           CUT    1  /Users/annenpolka/ghq/github.com/annenpolka/voidtrace/packages/kernel/src/evaluate.test.ts:2904  (exclusive field=tickIntervalMs)
           CUT    1  /Users/annenpolka/ghq/github.com/annenpolka/voidtrace/packages/kernel/src/evaluate.test.ts:3490  (exclusive field=tickIntervalMs)
           CUT    1  /Users/annenpolka/ghq/github.com/annenpolka/voidtrace/packages/rules/src/execution.test.ts:427  (exclusive field=tickIntervalMs)

BRINK      /Users/annenpolka/ghq/github.com/annenpolka/voidtrace/packages/kernel/src/scenario-domain.ts:2645  stacks > 10
           exclusive bound; 10 is constructed (last miss)
           CUT    10  /Users/annenpolka/ghq/github.com/annenpolka/voidtrace/packages/rules/src/execution.test.ts:375  (exclusive field=stacks)

BRINK      /Users/annenpolka/ghq/github.com/annenpolka/voidtrace/packages/kernel/src/trace-replay.ts:163  timeMs < 1
           inclusive bound; 0 is constructed (first/last hit)
           CUT    0  /Users/annenpolka/ghq/github.com/annenpolka/voidtrace/packages/kernel/src/evaluate.ts:2910  (inclusive field=timeMs)

BRINK      /Users/annenpolka/ghq/github.com/annenpolka/voidtrace/packages/kernel/src/trace-replay.ts:586  entries.length < 1
           inclusive bound; 0 is constructed (first/last hit)
           CUT    0  /Users/annenpolka/ghq/github.com/annenpolka/voidtrace/packages/rules/src/execution.test.ts:192  (inclusive field=length)
           CUT    0  /Users/annenpolka/ghq/github.com/annenpolka/voidtrace/packages/sdk/src/index.test.ts:499  (inclusive field=length)
           CUT    0  /Users/annenpolka/ghq/github.com/annenpolka/voidtrace/packages/sdk/src/index.test.ts:596  (inclusive field=length)

BRINK      /Users/annenpolka/ghq/github.com/annenpolka/voidtrace/packages/kernel/src/trace-replay.ts:826  pelletCount < 1
           inclusive bound; 0 is constructed (first/last hit)
           CUT    0  /Users/annenpolka/ghq/github.com/annenpolka/voidtrace/packages/kernel/src/scenario-domain.ts:1188  (inclusive field=pelletCount)
           CUT    0  /Users/annenpolka/ghq/github.com/annenpolka/voidtrace/packages/kernel/src/scenario-domain.ts:1940  (inclusive field=pelletCount)
           CUT    0  /Users/annenpolka/ghq/github.com/annenpolka/voidtrace/packages/kernel/src/scenario-domain.ts:2317  (inclusive field=pelletCount)
           CUT    0  /Users/annenpolka/ghq/github.com/annenpolka/voidtrace/packages/kernel/src/scenario-domain.ts:2502  (inclusive field=pelletCount)
           CUT    0  /Users/annenpolka/ghq/github.com/annenpolka/voidtrace/packages/kernel/src/scenario-domain.ts:2753  (inclusive field=pelletCount)

BRINK      /Users/annenpolka/ghq/github.com/annenpolka/voidtrace/packages/kernel/src/trace-replay.ts:885  targetCount < 1
           exclusive bound; 1 is constructed (last miss)
           CUT    1  /Users/annenpolka/ghq/github.com/annenpolka/voidtrace/packages/rules/src/execution.test.ts:819  (exclusive field=targetCount)

BRINK      /Users/annenpolka/ghq/github.com/annenpolka/voidtrace/packages/kernel/src/trace-replay.ts:943  tickCount < 1
           exclusive bound; 1 is constructed (last miss)
           CUT    1  /Users/annenpolka/ghq/github.com/annenpolka/voidtrace/packages/rules/src/execution.test.ts:645  (exclusive field=tickCount)

BRINK      /Users/annenpolka/ghq/github.com/annenpolka/voidtrace/packages/kernel/src/trace-replay.ts:946  tickIntervalMs < 1
           exclusive bound; 1 is constructed (last miss)
           CUT    1  /Users/annenpolka/ghq/github.com/annenpolka/voidtrace/packages/kernel/src/evaluate.test.ts:2904  (exclusive field=tickIntervalMs)
           CUT    1  /Users/annenpolka/ghq/github.com/annenpolka/voidtrace/packages/kernel/src/evaluate.test.ts:3490  (exclusive field=tickIntervalMs)
           CUT    1  /Users/annenpolka/ghq/github.com/annenpolka/voidtrace/packages/rules/src/execution.test.ts:427  (exclusive field=tickIntervalMs)

BRINK      /Users/annenpolka/ghq/github.com/annenpolka/voidtrace/packages/kernel/src/trace-replay.ts:1029  tickCount < 1
           exclusive bound; 1 is constructed (last miss)
           CUT    1  /Users/annenpolka/ghq/github.com/annenpolka/voidtrace/packages/rules/src/execution.test.ts:645  (exclusive field=tickCount)

BRINK      /Users/annenpolka/ghq/github.com/annenpolka/voidtrace/packages/kernel/src/trace-replay.ts:1032  tickIntervalMs < 1
           exclusive bound; 1 is constructed (last miss)
           CUT    1  /Users/annenpolka/ghq/github.com/annenpolka/voidtrace/packages/kernel/src/evaluate.test.ts:2904  (exclusive field=tickIntervalMs)
           CUT    1  /Users/annenpolka/ghq/github.com/annenpolka/voidtrace/packages/kernel/src/evaluate.test.ts:3490  (exclusive field=tickIntervalMs)
           CUT    1  /Users/annenpolka/ghq/github.com/annenpolka/voidtrace/packages/rules/src/execution.test.ts:427  (exclusive field=tickIntervalMs)

BRINK      /Users/annenpolka/ghq/github.com/annenpolka/voidtrace/packages/kernel/src/trace-replay.ts:1097  hitCount < 1
           constructed values sit on both sides of the cut
           CUT    1  /Users/annenpolka/ghq/github.com/annenpolka/voidtrace/packages/kernel/src/scenario-domain.test.ts:234  (exclusive field=hitCount)
           CUT    1  /Users/annenpolka/ghq/github.com/annenpolka/voidtrace/packages/kernel/src/scenario-domain.test.ts:829  (exclusive field=hitCount)
           CUT    1  /Users/annenpolka/ghq/github.com/annenpolka/voidtrace/packages/kernel/src/scenario-domain.ts:2510  (exclusive field=hitCount)
           CUT    1  /Users/annenpolka/ghq/github.com/annenpolka/voidtrace/packages/kernel/src/scenario-domain.ts:2761  (exclusive field=hitCount)
           CUT    1  /Users/annenpolka/ghq/github.com/annenpolka/voidtrace/packages/kernel/src/scenario-domain.ts:2901  (exclusive field=hitCount)
           CUT    1  /Users/annenpolka/ghq/github.com/annenpolka/voidtrace/packages/rules/src/execution.test.ts:796  (exclusive field=hitCount)

BRINK      /Users/annenpolka/ghq/github.com/annenpolka/voidtrace/packages/kernel/src/trace-replay.ts:1583  criticalMultiplier < 1
           exclusive bound; 1 is constructed (last miss)
           CUT    1  /Users/annenpolka/ghq/github.com/annenpolka/voidtrace/packages/kernel/src/evaluate.test.ts:3292  (exclusive field=criticalMultiplier)
           CUT    1  /Users/annenpolka/ghq/github.com/annenpolka/voidtrace/packages/kernel/src/evaluate.test.ts:3377  (exclusive field=criticalMultiplier)
           CUT    1  /Users/annenpolka/ghq/github.com/annenpolka/voidtrace/packages/kernel/src/evaluate.test.ts:3432  (exclusive field=criticalMultiplier)
           CUT    1  /Users/annenpolka/ghq/github.com/annenpolka/voidtrace/packages/rules/src/execution.test.ts:1269  (exclusive field=criticalMultiplier)

BRINK      /Users/annenpolka/ghq/github.com/annenpolka/voidtrace/packages/kernel/src/trace-replay.ts:1646  stacks > 10
           exclusive bound; 10 is constructed (last miss)
           CUT    10  /Users/annenpolka/ghq/github.com/annenpolka/voidtrace/packages/rules/src/execution.test.ts:375  (exclusive field=stacks)

BRINK      /Users/annenpolka/ghq/github.com/annenpolka/voidtrace/packages/kernel/src/trace-replay.ts:2613  targetCount < 1
           exclusive bound; 1 is constructed (last miss)
           CUT    1  /Users/annenpolka/ghq/github.com/annenpolka/voidtrace/packages/rules/src/execution.test.ts:819  (exclusive field=targetCount)

BRINK      /Users/annenpolka/ghq/github.com/annenpolka/voidtrace/packages/rules/src/execution.test.ts:402  expectedTickCount <= 64
           inclusive bound; 64 is constructed (first/last hit)
           CUT    64  /Users/annenpolka/ghq/github.com/annenpolka/voidtrace/packages/rules/src/execution.test.ts:75  (inclusive)

BRINK      /Users/annenpolka/ghq/github.com/annenpolka/voidtrace/packages/rules/src/execution.ts:420  criticalMultiplier < 1
           exclusive bound; 1 is constructed (last miss)
           CUT    1  /Users/annenpolka/ghq/github.com/annenpolka/voidtrace/packages/kernel/src/evaluate.test.ts:3292  (exclusive field=criticalMultiplier)
           CUT    1  /Users/annenpolka/ghq/github.com/annenpolka/voidtrace/packages/kernel/src/evaluate.test.ts:3377  (exclusive field=criticalMultiplier)
           CUT    1  /Users/annenpolka/ghq/github.com/annenpolka/voidtrace/packages/kernel/src/evaluate.test.ts:3432  (exclusive field=criticalMultiplier)
           CUT    1  /Users/annenpolka/ghq/github.com/annenpolka/voidtrace/packages/rules/src/execution.test.ts:1269  (exclusive field=criticalMultiplier)

BRINK      /Users/annenpolka/ghq/github.com/annenpolka/voidtrace/packages/rules/src/execution.ts:443  value.length < 1
           inclusive bound; 0 is constructed (first/last hit)
           CUT    0  /Users/annenpolka/ghq/github.com/annenpolka/voidtrace/packages/rules/src/execution.test.ts:192  (inclusive field=length)
           CUT    0  /Users/annenpolka/ghq/github.com/annenpolka/voidtrace/packages/sdk/src/index.test.ts:499  (inclusive field=length)
           CUT    0  /Users/annenpolka/ghq/github.com/annenpolka/voidtrace/packages/sdk/src/index.test.ts:596  (inclusive field=length)

BRINK      /Users/annenpolka/ghq/github.com/annenpolka/voidtrace/packages/rules/src/execution.ts:512  hitCount < 1
           constructed values sit on both sides of the cut
           CUT    1  /Users/annenpolka/ghq/github.com/annenpolka/voidtrace/packages/kernel/src/scenario-domain.test.ts:234  (exclusive field=hitCount)
           CUT    1  /Users/annenpolka/ghq/github.com/annenpolka/voidtrace/packages/kernel/src/scenario-domain.test.ts:829  (exclusive field=hitCount)
           CUT    1  /Users/annenpolka/ghq/github.com/annenpolka/voidtrace/packages/kernel/src/scenario-domain.ts:2510  (exclusive field=hitCount)
           CUT    1  /Users/annenpolka/ghq/github.com/annenpolka/voidtrace/packages/kernel/src/scenario-domain.ts:2761  (exclusive field=hitCount)
           CUT    1  /Users/annenpolka/ghq/github.com/annenpolka/voidtrace/packages/kernel/src/scenario-domain.ts:2901  (exclusive field=hitCount)
           CUT    1  /Users/annenpolka/ghq/github.com/annenpolka/voidtrace/packages/rules/src/execution.test.ts:796  (exclusive field=hitCount)

BRINK      /Users/annenpolka/ghq/github.com/annenpolka/voidtrace/packages/rules/src/execution.ts:539  pelletCount < 1
           inclusive bound; 0 is constructed (first/last hit)
           CUT    0  /Users/annenpolka/ghq/github.com/annenpolka/voidtrace/packages/kernel/src/scenario-domain.ts:1188  (inclusive field=pelletCount)
           CUT    0  /Users/annenpolka/ghq/github.com/annenpolka/voidtrace/packages/kernel/src/scenario-domain.ts:1940  (inclusive field=pelletCount)
           CUT    0  /Users/annenpolka/ghq/github.com/annenpolka/voidtrace/packages/kernel/src/scenario-domain.ts:2317  (inclusive field=pelletCount)
           CUT    0  /Users/annenpolka/ghq/github.com/annenpolka/voidtrace/packages/kernel/src/scenario-domain.ts:2502  (inclusive field=pelletCount)
           CUT    0  /Users/annenpolka/ghq/github.com/annenpolka/voidtrace/packages/kernel/src/scenario-domain.ts:2753  (inclusive field=pelletCount)

BRINK      /Users/annenpolka/ghq/github.com/annenpolka/voidtrace/packages/rules/src/execution.ts:600  stacks > 10
           exclusive bound; 10 is constructed (last miss)
           CUT    10  /Users/annenpolka/ghq/github.com/annenpolka/voidtrace/packages/rules/src/execution.test.ts:375  (exclusive field=stacks)

BRINK      /Users/annenpolka/ghq/github.com/annenpolka/voidtrace/packages/rules/src/execution.ts:635  tickIntervalMs < 1
           exclusive bound; 1 is constructed (last miss)
           CUT    1  /Users/annenpolka/ghq/github.com/annenpolka/voidtrace/packages/kernel/src/evaluate.test.ts:2904  (exclusive field=tickIntervalMs)
           CUT    1  /Users/annenpolka/ghq/github.com/annenpolka/voidtrace/packages/kernel/src/evaluate.test.ts:3490  (exclusive field=tickIntervalMs)
           CUT    1  /Users/annenpolka/ghq/github.com/annenpolka/voidtrace/packages/rules/src/execution.test.ts:427  (exclusive field=tickIntervalMs)

BRINK      /Users/annenpolka/ghq/github.com/annenpolka/voidtrace/packages/rules/src/execution.ts:667  tickCount < 1
           exclusive bound; 1 is constructed (last miss)
           CUT    1  /Users/annenpolka/ghq/github.com/annenpolka/voidtrace/packages/rules/src/execution.test.ts:645  (exclusive field=tickCount)

BRINK      /Users/annenpolka/ghq/github.com/annenpolka/voidtrace/packages/rules/src/execution.ts:670  tickIntervalMs < 1
           exclusive bound; 1 is constructed (last miss)
           CUT    1  /Users/annenpolka/ghq/github.com/annenpolka/voidtrace/packages/kernel/src/evaluate.test.ts:2904  (exclusive field=tickIntervalMs)
           CUT    1  /Users/annenpolka/ghq/github.com/annenpolka/voidtrace/packages/kernel/src/evaluate.test.ts:3490  (exclusive field=tickIntervalMs)
           CUT    1  /Users/annenpolka/ghq/github.com/annenpolka/voidtrace/packages/rules/src/execution.test.ts:427  (exclusive field=tickIntervalMs)

BRINK      /Users/annenpolka/ghq/github.com/annenpolka/voidtrace/packages/rules/src/execution.ts:774  ticksValue.length < 1
           inclusive bound; 0 is constructed (first/last hit)
           CUT    0  /Users/annenpolka/ghq/github.com/annenpolka/voidtrace/packages/rules/src/execution.test.ts:192  (inclusive field=length)
           CUT    0  /Users/annenpolka/ghq/github.com/annenpolka/voidtrace/packages/sdk/src/index.test.ts:499  (inclusive field=length)
           CUT    0  /Users/annenpolka/ghq/github.com/annenpolka/voidtrace/packages/sdk/src/index.test.ts:596  (inclusive field=length)

BRINK      /Users/annenpolka/ghq/github.com/annenpolka/voidtrace/packages/rules/src/execution.ts:831  targetCount < 1
           exclusive bound; 1 is constructed (last miss)
           CUT    1  /Users/annenpolka/ghq/github.com/annenpolka/voidtrace/packages/rules/src/execution.test.ts:819  (exclusive field=targetCount)

BRINK      /Users/annenpolka/ghq/github.com/annenpolka/voidtrace/packages/rules/src/execution.ts:857  value.length < 1
           inclusive bound; 0 is constructed (first/last hit)
           CUT    0  /Users/annenpolka/ghq/github.com/annenpolka/voidtrace/packages/rules/src/execution.test.ts:192  (inclusive field=length)
           CUT    0  /Users/annenpolka/ghq/github.com/annenpolka/voidtrace/packages/sdk/src/index.test.ts:499  (inclusive field=length)
           CUT    0  /Users/annenpolka/ghq/github.com/annenpolka/voidtrace/packages/sdk/src/index.test.ts:596  (inclusive field=length)

BRINK      /Users/annenpolka/ghq/github.com/annenpolka/voidtrace/packages/rules/src/execution.ts:985  pelletCount < 1
           inclusive bound; 0 is constructed (first/last hit)
           CUT    0  /Users/annenpolka/ghq/github.com/annenpolka/voidtrace/packages/kernel/src/scenario-domain.ts:1188  (inclusive field=pelletCount)
           CUT    0  /Users/annenpolka/ghq/github.com/annenpolka/voidtrace/packages/kernel/src/scenario-domain.ts:1940  (inclusive field=pelletCount)
           CUT    0  /Users/annenpolka/ghq/github.com/annenpolka/voidtrace/packages/kernel/src/scenario-domain.ts:2317  (inclusive field=pelletCount)
           CUT    0  /Users/annenpolka/ghq/github.com/annenpolka/voidtrace/packages/kernel/src/scenario-domain.ts:2502  (inclusive field=pelletCount)
           CUT    0  /Users/annenpolka/ghq/github.com/annenpolka/voidtrace/packages/kernel/src/scenario-domain.ts:2753  (inclusive field=pelletCount)

BRINK      /Users/annenpolka/ghq/github.com/annenpolka/voidtrace/packages/rules/src/execution.ts:1015  pelletCount < 1
           inclusive bound; 0 is constructed (first/last hit)
           CUT    0  /Users/annenpolka/ghq/github.com/annenpolka/voidtrace/packages/kernel/src/scenario-domain.ts:1188  (inclusive field=pelletCount)
           CUT    0  /Users/annenpolka/ghq/github.com/annenpolka/voidtrace/packages/kernel/src/scenario-domain.ts:1940  (inclusive field=pelletCount)
           CUT    0  /Users/annenpolka/ghq/github.com/annenpolka/voidtrace/packages/kernel/src/scenario-domain.ts:2317  (inclusive field=pelletCount)
           CUT    0  /Users/annenpolka/ghq/github.com/annenpolka/voidtrace/packages/kernel/src/scenario-domain.ts:2502  (inclusive field=pelletCount)
           CUT    0  /Users/annenpolka/ghq/github.com/annenpolka/voidtrace/packages/kernel/src/scenario-domain.ts:2753  (inclusive field=pelletCount)

BRINK      /Users/annenpolka/ghq/github.com/annenpolka/voidtrace/packages/rules/src/execution.ts:1040  value.length < 1
           inclusive bound; 0 is constructed (first/last hit)
           CUT    0  /Users/annenpolka/ghq/github.com/annenpolka/voidtrace/packages/rules/src/execution.test.ts:192  (inclusive field=length)
           CUT    0  /Users/annenpolka/ghq/github.com/annenpolka/voidtrace/packages/sdk/src/index.test.ts:499  (inclusive field=length)
           CUT    0  /Users/annenpolka/ghq/github.com/annenpolka/voidtrace/packages/sdk/src/index.test.ts:596  (inclusive field=length)

BRINK      /Users/annenpolka/ghq/github.com/annenpolka/voidtrace/packages/rules/src/execution.ts:1323  factor < 1
           exclusive bound; 1 is constructed (last miss)
           CUT    1  /Users/annenpolka/ghq/github.com/annenpolka/voidtrace/packages/kernel/src/evaluate.test.ts:502  (exclusive field=factor)
           CUT    1  /Users/annenpolka/ghq/github.com/annenpolka/voidtrace/packages/kernel/src/evaluate.test.ts:582  (exclusive field=factor)
           CUT    1  /Users/annenpolka/ghq/github.com/annenpolka/voidtrace/packages/kernel/src/evaluate.test.ts:3109  (exclusive field=factor)
           CUT    1  /Users/annenpolka/ghq/github.com/annenpolka/voidtrace/packages/kernel/src/evaluate.test.ts:3290  (exclusive field=factor)
           CUT    1  /Users/annenpolka/ghq/github.com/annenpolka/voidtrace/packages/kernel/src/evaluate.test.ts:3375  (exclusive field=factor)
           CUT    1  /Users/annenpolka/ghq/github.com/annenpolka/voidtrace/packages/rules/src/execution.test.ts:256  (exclusive field=factor)

BRINK      /Users/annenpolka/ghq/github.com/annenpolka/voidtrace/packages/rules/src/execution.ts:1576  tickCount < 1
           exclusive bound; 1 is constructed (last miss)
           CUT    1  /Users/annenpolka/ghq/github.com/annenpolka/voidtrace/packages/rules/src/execution.test.ts:645  (exclusive field=tickCount)

SENTINEL   /Users/annenpolka/ghq/github.com/annenpolka/voidtrace/packages/contracts/src/canonical-json.ts:80  lengthDescriptor.value < 0
           excluded numeric sentinel 0 sits on the cut
           CUT    0  /Users/annenpolka/ghq/github.com/annenpolka/voidtrace/packages/experiments/src/finite-breakpoint.test.ts:498  (exclusive field=value)
           CUT    0  /Users/annenpolka/ghq/github.com/annenpolka/voidtrace/packages/experiments/src/finite-sweep.test.ts:489  (exclusive field=value)
           CUT    0  /Users/annenpolka/ghq/github.com/annenpolka/voidtrace/packages/experiments/src/finite-sweep.test.ts:514  (exclusive field=value)
           CUT    0  /Users/annenpolka/ghq/github.com/annenpolka/voidtrace/packages/experiments/src/scenario-patch.test.ts:202  (exclusive field=value)
           CUT    0  /Users/annenpolka/ghq/github.com/annenpolka/voidtrace/packages/experiments/src/scenario-patch.test.ts:207  (exclusive field=value)
           CUT    0  /Users/annenpolka/ghq/github.com/annenpolka/voidtrace/packages/experiments/src/scenario-patch.test.ts:455  (exclusive field=value)

SENTINEL   /Users/annenpolka/ghq/github.com/annenpolka/voidtrace/packages/experiments/src/adversarial.test.ts:368  mode === 'missing'
           sentinel is constructed; siblings exist — domain edge is live
           CUT    'missing'  /Users/annenpolka/ghq/github.com/annenpolka/voidtrace/packages/experiments/src/adversarial.test.ts:361  (exact)

SENTINEL   /Users/annenpolka/ghq/github.com/annenpolka/voidtrace/packages/experiments/src/finite-breakpoint.test.ts:436  current !== 0
           excluded sentinel sits on the cut
           CUT    0  /Users/annenpolka/ghq/github.com/annenpolka/voidtrace/packages/experiments/src/finite-breakpoint.test.ts:386  (exact)
           CUT    0  /Users/annenpolka/ghq/github.com/annenpolka/voidtrace/packages/experiments/src/finite-breakpoint.test.ts:421  (exact)
           CUT    0  /Users/annenpolka/ghq/github.com/annenpolka/voidtrace/packages/experiments/src/finite-breakpoint.test.ts:513  (exact)
           CUT    0  /Users/annenpolka/ghq/github.com/annenpolka/voidtrace/packages/experiments/src/finite-breakpoint.test.ts:525  (exact)
           CUT    0  /Users/annenpolka/ghq/github.com/annenpolka/voidtrace/packages/experiments/src/finite-breakpoint.test.ts:531  (exact)
           CUT    0  /Users/annenpolka/ghq/github.com/annenpolka/voidtrace/packages/experiments/src/finite-breakpoint.test.ts:533  (exact)

SENTINEL   /Users/annenpolka/ghq/github.com/annenpolka/voidtrace/packages/experiments/src/finite-breakpoint.test.ts:437  previous !== 0
           excluded sentinel sits on the cut
           CUT    0  /Users/annenpolka/ghq/github.com/annenpolka/voidtrace/packages/experiments/src/finite-breakpoint.test.ts:386  (exact)
           CUT    0  /Users/annenpolka/ghq/github.com/annenpolka/voidtrace/packages/experiments/src/finite-breakpoint.test.ts:421  (exact)
           CUT    0  /Users/annenpolka/ghq/github.com/annenpolka/voidtrace/packages/experiments/src/finite-breakpoint.test.ts:513  (exact)
           CUT    0  /Users/annenpolka/ghq/github.com/annenpolka/voidtrace/packages/experiments/src/finite-breakpoint.test.ts:525  (exact)
           CUT    0  /Users/annenpolka/ghq/github.com/annenpolka/voidtrace/packages/experiments/src/finite-breakpoint.test.ts:531  (exact)
           CUT    0  /Users/annenpolka/ghq/github.com/annenpolka/voidtrace/packages/experiments/src/finite-breakpoint.test.ts:533  (exact)

SENTINEL   /Users/annenpolka/ghq/github.com/annenpolka/voidtrace/packages/experiments/src/finite-breakpoint.ts:310  previous.signedDifference !== 0
           excluded sentinel sits on the cut
           CUT    0  /Users/annenpolka/ghq/github.com/annenpolka/voidtrace/packages/experiments/src/finite-breakpoint.ts:115  (exact)
           CUT    0  /Users/annenpolka/ghq/github.com/annenpolka/voidtrace/packages/experiments/src/finite-breakpoint.ts:144  (exact)
           CUT    0  /Users/annenpolka/ghq/github.com/annenpolka/voidtrace/packages/experiments/src/finite-breakpoint.ts:264  (exact)
           CUT    0  /Users/annenpolka/ghq/github.com/annenpolka/voidtrace/packages/experiments/src/finite-breakpoint.ts:385  (exact)
           CUT    0  /Users/annenpolka/ghq/github.com/annenpolka/voidtrace/packages/experiments/src/finite-breakpoint.ts:480  (exact)
           CUT    0  /Users/annenpolka/ghq/github.com/annenpolka/voidtrace/packages/experiments/src/finite-breakpoint.ts:508  (exact)

SENTINEL   /Users/annenpolka/ghq/github.com/annenpolka/voidtrace/packages/experiments/src/finite-breakpoint.ts:311  sample.signedDifference !== 0
           excluded sentinel sits on the cut
           CUT    0  /Users/annenpolka/ghq/github.com/annenpolka/voidtrace/packages/experiments/src/finite-breakpoint.ts:115  (exact)
           CUT    0  /Users/annenpolka/ghq/github.com/annenpolka/voidtrace/packages/experiments/src/finite-breakpoint.ts:144  (exact)
           CUT    0  /Users/annenpolka/ghq/github.com/annenpolka/voidtrace/packages/experiments/src/finite-breakpoint.ts:264  (exact)
           CUT    0  /Users/annenpolka/ghq/github.com/annenpolka/voidtrace/packages/experiments/src/finite-breakpoint.ts:385  (exact)
           CUT    0  /Users/annenpolka/ghq/github.com/annenpolka/voidtrace/packages/experiments/src/finite-breakpoint.ts:480  (exact)
           CUT    0  /Users/annenpolka/ghq/github.com/annenpolka/voidtrace/packages/experiments/src/finite-breakpoint.ts:508  (exact)

SENTINEL   /Users/annenpolka/ghq/github.com/annenpolka/voidtrace/packages/experiments/src/index.ts:1018  comparison.base.deltaFromBase !== 0
           excluded sentinel sits on the cut
           CUT    0  /Users/annenpolka/ghq/github.com/annenpolka/voidtrace/packages/contracts/src/validator.test.ts:217  (exact field=deltaFromBase)
           CUT    0  /Users/annenpolka/ghq/github.com/annenpolka/voidtrace/packages/experiments/src/finite-sweep.test.ts:382  (exact field=deltaFromBase)
           CUT    0  /Users/annenpolka/ghq/github.com/annenpolka/voidtrace/packages/experiments/src/index.test.ts:231  (exact field=deltaFromBase)
           CUT    0  /Users/annenpolka/ghq/github.com/annenpolka/voidtrace/packages/experiments/src/index.test.ts:237  (exact field=deltaFromBase)
           CUT    0  /Users/annenpolka/ghq/github.com/annenpolka/voidtrace/packages/experiments/src/index.ts:1107  (exact field=deltaFromBase)
           CUT    0  /Users/annenpolka/ghq/github.com/annenpolka/voidtrace/packages/experiments/src/patch-backed-experiment.test.ts:351  (exact field=deltaFromBase)

SENTINEL   /Users/annenpolka/ghq/github.com/annenpolka/voidtrace/packages/experiments/src/index.ts:1249  requestSnapshot.analysisRevision < 0
           excluded numeric sentinel 0 sits on the cut
           CUT    0  /Users/annenpolka/ghq/github.com/annenpolka/voidtrace/packages/experiments/src/finite-breakpoint.test.ts:271  (exclusive field=analysisRevision)
           CUT    0  /Users/annenpolka/ghq/github.com/annenpolka/voidtrace/packages/experiments/src/finite-breakpoint.test.ts:465  (exclusive field=analysisRevision)
           CUT    0  /Users/annenpolka/ghq/github.com/annenpolka/voidtrace/packages/sdk/src/index.test.ts:197  (exclusive field=analysisRevision)

SENTINEL   /Users/annenpolka/ghq/github.com/annenpolka/voidtrace/packages/kernel/src/evaluate.ts:237  baseTier >= 0
           included numeric sentinel 0 sits on the cut
           CUT    0  /Users/annenpolka/ghq/github.com/annenpolka/voidtrace/packages/kernel/src/evaluate.test.ts:494  (inclusive field=baseTier)
           CUT    0  /Users/annenpolka/ghq/github.com/annenpolka/voidtrace/packages/rules/src/execution.test.ts:1145  (inclusive field=baseTier)
           CUT    0  /Users/annenpolka/ghq/github.com/annenpolka/voidtrace/packages/rules/src/execution.test.ts:1154  (inclusive field=baseTier)

SENTINEL   /Users/annenpolka/ghq/github.com/annenpolka/voidtrace/packages/kernel/src/evaluate.ts:239  nextTier >= 0
           included numeric sentinel 0 sits on the cut
           CUT    0  /Users/annenpolka/ghq/github.com/annenpolka/voidtrace/packages/rules/src/execution.test.ts:1146  (inclusive field=nextTier)

SENTINEL   /Users/annenpolka/ghq/github.com/annenpolka/voidtrace/packages/kernel/src/evaluate.ts:280  value < 0
           excluded numeric sentinel 0 sits on the cut
           CUT    0  /Users/annenpolka/ghq/github.com/annenpolka/voidtrace/packages/experiments/src/finite-breakpoint.test.ts:498  (exclusive field=value)
           CUT    0  /Users/annenpolka/ghq/github.com/annenpolka/voidtrace/packages/experiments/src/finite-sweep.test.ts:489  (exclusive field=value)
           CUT    0  /Users/annenpolka/ghq/github.com/annenpolka/voidtrace/packages/experiments/src/finite-sweep.test.ts:514  (exclusive field=value)
           CUT    0  /Users/annenpolka/ghq/github.com/annenpolka/voidtrace/packages/experiments/src/scenario-patch.test.ts:202  (exclusive field=value)
           CUT    0  /Users/annenpolka/ghq/github.com/annenpolka/voidtrace/packages/experiments/src/scenario-patch.test.ts:207  (exclusive field=value)
           CUT    0  /Users/annenpolka/ghq/github.com/annenpolka/voidtrace/packages/experiments/src/scenario-patch.test.ts:455  (exclusive field=value)

SENTINEL   /Users/annenpolka/ghq/github.com/annenpolka/voidtrace/packages/kernel/src/evaluate.ts:525  value < 0
           excluded numeric sentinel 0 sits on the cut
           CUT    0  /Users/annenpolka/ghq/github.com/annenpolka/voidtrace/packages/experiments/src/finite-breakpoint.test.ts:498  (exclusive field=value)
           CUT    0  /Users/annenpolka/ghq/github.com/annenpolka/voidtrace/packages/experiments/src/finite-sweep.test.ts:489  (exclusive field=value)
           CUT    0  /Users/annenpolka/ghq/github.com/annenpolka/voidtrace/packages/experiments/src/finite-sweep.test.ts:514  (exclusive field=value)
           CUT    0  /Users/annenpolka/ghq/github.com/annenpolka/voidtrace/packages/experiments/src/scenario-patch.test.ts:202  (exclusive field=value)
           CUT    0  /Users/annenpolka/ghq/github.com/annenpolka/voidtrace/packages/experiments/src/scenario-patch.test.ts:207  (exclusive field=value)
           CUT    0  /Users/annenpolka/ghq/github.com/annenpolka/voidtrace/packages/experiments/src/scenario-patch.test.ts:455  (exclusive field=value)

SENTINEL   /Users/annenpolka/ghq/github.com/annenpolka/voidtrace/packages/kernel/src/evaluate.ts:3251  branch.weight <= 0
           excluded numeric sentinel 0 sits on the cut
           CUT    1  /Users/annenpolka/ghq/github.com/annenpolka/voidtrace/packages/rules/src/execution.test.ts:1431  (exclusive field=weight)
           CUT    1  /Users/annenpolka/ghq/github.com/annenpolka/voidtrace/packages/rules/src/execution.test.ts:1450  (exclusive field=weight)
           CUT    1  /Users/annenpolka/ghq/github.com/annenpolka/voidtrace/packages/rules/src/execution.test.ts:1537  (exclusive field=weight)
           CUT    1  /Users/annenpolka/ghq/github.com/annenpolka/voidtrace/packages/rules/src/ruleset.test.ts:277  (exclusive field=weight)
           CUT    0  /Users/annenpolka/ghq/github.com/annenpolka/voidtrace/packages/rules/src/execution.test.ts:1471  (inclusive field=weight)

SENTINEL   /Users/annenpolka/ghq/github.com/annenpolka/voidtrace/packages/kernel/src/event-queue.ts:28  event.timeMs < 0
           excluded numeric sentinel 0 sits on the cut
           CUT    0  /Users/annenpolka/ghq/github.com/annenpolka/voidtrace/packages/kernel/src/evaluate.ts:2910  (exclusive field=timeMs)

SENTINEL   /Users/annenpolka/ghq/github.com/annenpolka/voidtrace/packages/kernel/src/event-queue.ts:31  event.sequence < 0
           excluded numeric sentinel 0 sits on the cut
           CUT    0  /Users/annenpolka/ghq/github.com/annenpolka/voidtrace/packages/contracts/src/validator.test.ts:138  (exclusive field=sequence)
           CUT    0  /Users/annenpolka/ghq/github.com/annenpolka/voidtrace/packages/kernel/src/event-queue.test.ts:70  (exclusive field=sequence)

SENTINEL   /Users/annenpolka/ghq/github.com/annenpolka/voidtrace/packages/kernel/src/rng.ts:11  value < 0
           excluded numeric sentinel 0 sits on the cut
           CUT    0  /Users/annenpolka/ghq/github.com/annenpolka/voidtrace/packages/experiments/src/finite-breakpoint.test.ts:498  (exclusive field=value)
           CUT    0  /Users/annenpolka/ghq/github.com/annenpolka/voidtrace/packages/experiments/src/finite-sweep.test.ts:489  (exclusive field=value)
           CUT    0  /Users/annenpolka/ghq/github.com/annenpolka/voidtrace/packages/experiments/src/finite-sweep.test.ts:514  (exclusive field=value)
           CUT    0  /Users/annenpolka/ghq/github.com/annenpolka/voidtrace/packages/experiments/src/scenario-patch.test.ts:202  (exclusive field=value)
           CUT    0  /Users/annenpolka/ghq/github.com/annenpolka/voidtrace/packages/experiments/src/scenario-patch.test.ts:207  (exclusive field=value)
           CUT    0  /Users/annenpolka/ghq/github.com/annenpolka/voidtrace/packages/experiments/src/scenario-patch.test.ts:455  (exclusive field=value)

SENTINEL   /Users/annenpolka/ghq/github.com/annenpolka/voidtrace/packages/kernel/src/scenario-domain.ts:628  unexpected.length > 0
           excluded numeric sentinel 0 sits on the cut
           CUT    0  /Users/annenpolka/ghq/github.com/annenpolka/voidtrace/packages/rules/src/execution.test.ts:192  (exclusive field=length)
           CUT    0  /Users/annenpolka/ghq/github.com/annenpolka/voidtrace/packages/sdk/src/index.test.ts:499  (exclusive field=length)
           CUT    0  /Users/annenpolka/ghq/github.com/annenpolka/voidtrace/packages/sdk/src/index.test.ts:596  (exclusive field=length)

SENTINEL   /Users/annenpolka/ghq/github.com/annenpolka/voidtrace/packages/kernel/src/scenario-domain.ts:674  value < 0
           excluded numeric sentinel 0 sits on the cut
           CUT    0  /Users/annenpolka/ghq/github.com/annenpolka/voidtrace/packages/experiments/src/finite-breakpoint.test.ts:498  (exclusive field=value)
           CUT    0  /Users/annenpolka/ghq/github.com/annenpolka/voidtrace/packages/experiments/src/finite-sweep.test.ts:489  (exclusive field=value)
           CUT    0  /Users/annenpolka/ghq/github.com/annenpolka/voidtrace/packages/experiments/src/finite-sweep.test.ts:514  (exclusive field=value)
           CUT    0  /Users/annenpolka/ghq/github.com/annenpolka/voidtrace/packages/experiments/src/scenario-patch.test.ts:202  (exclusive field=value)
           CUT    0  /Users/annenpolka/ghq/github.com/annenpolka/voidtrace/packages/experiments/src/scenario-patch.test.ts:207  (exclusive field=value)
           CUT    0  /Users/annenpolka/ghq/github.com/annenpolka/voidtrace/packages/experiments/src/scenario-patch.test.ts:455  (exclusive field=value)

SENTINEL   /Users/annenpolka/ghq/github.com/annenpolka/voidtrace/packages/kernel/src/scenario-domain.ts:752  length > 0
           excluded numeric sentinel 0 sits on the cut
           CUT    0  /Users/annenpolka/ghq/github.com/annenpolka/voidtrace/packages/rules/src/execution.test.ts:192  (exclusive field=length)
           CUT    0  /Users/annenpolka/ghq/github.com/annenpolka/voidtrace/packages/sdk/src/index.test.ts:499  (exclusive field=length)
           CUT    0  /Users/annenpolka/ghq/github.com/annenpolka/voidtrace/packages/sdk/src/index.test.ts:596  (exclusive field=length)

SENTINEL   /Users/annenpolka/ghq/github.com/annenpolka/voidtrace/packages/kernel/src/scenario-domain.ts:866  criticalTier < 0
           excluded numeric sentinel 0 sits on the cut
           CUT    0  /Users/annenpolka/ghq/github.com/annenpolka/voidtrace/packages/kernel/src/scenario-domain.test.ts:398  (exclusive field=criticalTier)
           CUT    0  /Users/annenpolka/ghq/github.com/annenpolka/voidtrace/packages/kernel/src/scenario-domain.test.ts:432  (exclusive field=criticalTier)
           CUT    0  /Users/annenpolka/ghq/github.com/annenpolka/voidtrace/packages/kernel/src/scenario-domain.test.ts:462  (exclusive field=criticalTier)
           CUT    0  /Users/annenpolka/ghq/github.com/annenpolka/voidtrace/packages/rules/src/execution.test.ts:64  (exclusive field=criticalTier)

SENTINEL   /Users/annenpolka/ghq/github.com/annenpolka/voidtrace/packages/kernel/src/scenario-domain.ts:1040  resolvedShield.value !== 0
           excluded sentinel sits on the cut
           CUT    0  /Users/annenpolka/ghq/github.com/annenpolka/voidtrace/packages/experiments/src/finite-breakpoint.test.ts:498  (exact field=value)
           CUT    0  /Users/annenpolka/ghq/github.com/annenpolka/voidtrace/packages/experiments/src/finite-sweep.test.ts:489  (exact field=value)
           CUT    0  /Users/annenpolka/ghq/github.com/annenpolka/voidtrace/packages/experiments/src/finite-sweep.test.ts:514  (exact field=value)
           CUT    0  /Users/annenpolka/ghq/github.com/annenpolka/voidtrace/packages/experiments/src/scenario-patch.test.ts:202  (exact field=value)
           CUT    0  /Users/annenpolka/ghq/github.com/annenpolka/voidtrace/packages/experiments/src/scenario-patch.test.ts:207  (exact field=value)
           CUT    0  /Users/annenpolka/ghq/github.com/annenpolka/voidtrace/packages/experiments/src/scenario-patch.test.ts:455  (exact field=value)

SENTINEL   /Users/annenpolka/ghq/github.com/annenpolka/voidtrace/packages/kernel/src/scenario-domain.ts:1040  resolvedOverguard.value !== 0
           excluded sentinel sits on the cut
           CUT    0  /Users/annenpolka/ghq/github.com/annenpolka/voidtrace/packages/experiments/src/finite-breakpoint.test.ts:498  (exact field=value)
           CUT    0  /Users/annenpolka/ghq/github.com/annenpolka/voidtrace/packages/experiments/src/finite-sweep.test.ts:489  (exact field=value)
           CUT    0  /Users/annenpolka/ghq/github.com/annenpolka/voidtrace/packages/experiments/src/finite-sweep.test.ts:514  (exact field=value)
           CUT    0  /Users/annenpolka/ghq/github.com/annenpolka/voidtrace/packages/experiments/src/scenario-patch.test.ts:202  (exact field=value)
           CUT    0  /Users/annenpolka/ghq/github.com/annenpolka/voidtrace/packages/experiments/src/scenario-patch.test.ts:207  (exact field=value)
           CUT    0  /Users/annenpolka/ghq/github.com/annenpolka/voidtrace/packages/experiments/src/scenario-patch.test.ts:455  (exact field=value)

SENTINEL   /Users/annenpolka/ghq/github.com/annenpolka/voidtrace/packages/kernel/src/scenario-domain.ts:1045  resolvedShield.value !== 0
           excluded sentinel sits on the cut
           CUT    0  /Users/annenpolka/ghq/github.com/annenpolka/voidtrace/packages/experiments/src/finite-breakpoint.test.ts:498  (exact field=value)
           CUT    0  /Users/annenpolka/ghq/github.com/annenpolka/voidtrace/packages/experiments/src/finite-sweep.test.ts:489  (exact field=value)
           CUT    0  /Users/annenpolka/ghq/github.com/annenpolka/voidtrace/packages/experiments/src/finite-sweep.test.ts:514  (exact field=value)
           CUT    0  /Users/annenpolka/ghq/github.com/annenpolka/voidtrace/packages/experiments/src/scenario-patch.test.ts:202  (exact field=value)
           CUT    0  /Users/annenpolka/ghq/github.com/annenpolka/voidtrace/packages/experiments/src/scenario-patch.test.ts:207  (exact field=value)
           CUT    0  /Users/annenpolka/ghq/github.com/annenpolka/voidtrace/packages/experiments/src/scenario-patch.test.ts:455  (exact field=value)

SENTINEL   /Users/annenpolka/ghq/github.com/annenpolka/voidtrace/packages/kernel/src/scenario-domain.ts:1258  length > 0
           excluded numeric sentinel 0 sits on the cut
           CUT    0  /Users/annenpolka/ghq/github.com/annenpolka/voidtrace/packages/rules/src/execution.test.ts:192  (exclusive field=length)
           CUT    0  /Users/annenpolka/ghq/github.com/annenpolka/voidtrace/packages/sdk/src/index.test.ts:499  (exclusive field=length)
           CUT    0  /Users/annenpolka/ghq/github.com/annenpolka/voidtrace/packages/sdk/src/index.test.ts:596  (exclusive field=length)

SENTINEL   /Users/annenpolka/ghq/github.com/annenpolka/voidtrace/packages/kernel/src/scenario-domain.ts:1332  criticalTier < 0
           excluded numeric sentinel 0 sits on the cut
           CUT    0  /Users/annenpolka/ghq/github.com/annenpolka/voidtrace/packages/kernel/src/scenario-domain.test.ts:398  (exclusive field=criticalTier)
           CUT    0  /Users/annenpolka/ghq/github.com/annenpolka/voidtrace/packages/kernel/src/scenario-domain.test.ts:432  (exclusive field=criticalTier)
           CUT    0  /Users/annenpolka/ghq/github.com/annenpolka/voidtrace/packages/kernel/src/scenario-domain.test.ts:462  (exclusive field=criticalTier)
           CUT    0  /Users/annenpolka/ghq/github.com/annenpolka/voidtrace/packages/rules/src/execution.test.ts:64  (exclusive field=criticalTier)

SENTINEL   /Users/annenpolka/ghq/github.com/annenpolka/voidtrace/packages/kernel/src/scenario-domain.ts:1451  resolvedShield.value !== 0
           excluded sentinel sits on the cut
           CUT    0  /Users/annenpolka/ghq/github.com/annenpolka/voidtrace/packages/experiments/src/finite-breakpoint.test.ts:498  (exact field=value)
           CUT    0  /Users/annenpolka/ghq/github.com/annenpolka/voidtrace/packages/experiments/src/finite-sweep.test.ts:489  (exact field=value)
           CUT    0  /Users/annenpolka/ghq/github.com/annenpolka/voidtrace/packages/experiments/src/finite-sweep.test.ts:514  (exact field=value)
           CUT    0  /Users/annenpolka/ghq/github.com/annenpolka/voidtrace/packages/experiments/src/scenario-patch.test.ts:202  (exact field=value)
           CUT    0  /Users/annenpolka/ghq/github.com/annenpolka/voidtrace/packages/experiments/src/scenario-patch.test.ts:207  (exact field=value)
           CUT    0  /Users/annenpolka/ghq/github.com/annenpolka/voidtrace/packages/experiments/src/scenario-patch.test.ts:455  (exact field=value)

SENTINEL   /Users/annenpolka/ghq/github.com/annenpolka/voidtrace/packages/kernel/src/scenario-domain.ts:1451  resolvedOverguard.value !== 0
           excluded sentinel sits on the cut
           CUT    0  /Users/annenpolka/ghq/github.com/annenpolka/voidtrace/packages/experiments/src/finite-breakpoint.test.ts:498  (exact field=value)
           CUT    0  /Users/annenpolka/ghq/github.com/annenpolka/voidtrace/packages/experiments/src/finite-sweep.test.ts:489  (exact field=value)
           CUT    0  /Users/annenpolka/ghq/github.com/annenpolka/voidtrace/packages/experiments/src/finite-sweep.test.ts:514  (exact field=value)
           CUT    0  /Users/annenpolka/ghq/github.com/annenpolka/voidtrace/packages/experiments/src/scenario-patch.test.ts:202  (exact field=value)
           CUT    0  /Users/annenpolka/ghq/github.com/annenpolka/voidtrace/packages/experiments/src/scenario-patch.test.ts:207  (exact field=value)
           CUT    0  /Users/annenpolka/ghq/github.com/annenpolka/voidtrace/packages/experiments/src/scenario-patch.test.ts:455  (exact field=value)

SENTINEL   /Users/annenpolka/ghq/github.com/annenpolka/voidtrace/packages/kernel/src/scenario-domain.ts:1456  resolvedShield.value !== 0
           excluded sentinel sits on the cut
           CUT    0  /Users/annenpolka/ghq/github.com/annenpolka/voidtrace/packages/experiments/src/finite-breakpoint.test.ts:498  (exact field=value)
           CUT    0  /Users/annenpolka/ghq/github.com/annenpolka/voidtrace/packages/experiments/src/finite-sweep.test.ts:489  (exact field=value)
           CUT    0  /Users/annenpolka/ghq/github.com/annenpolka/voidtrace/packages/experiments/src/finite-sweep.test.ts:514  (exact field=value)
           CUT    0  /Users/annenpolka/ghq/github.com/annenpolka/voidtrace/packages/experiments/src/scenario-patch.test.ts:202  (exact field=value)
           CUT    0  /Users/annenpolka/ghq/github.com/annenpolka/voidtrace/packages/experiments/src/scenario-patch.test.ts:207  (exact field=value)
           CUT    0  /Users/annenpolka/ghq/github.com/annenpolka/voidtrace/packages/experiments/src/scenario-patch.test.ts:455  (exact field=value)

SENTINEL   /Users/annenpolka/ghq/github.com/annenpolka/voidtrace/packages/kernel/src/scenario-domain.ts:1694  length > 0
           excluded numeric sentinel 0 sits on the cut
           CUT    0  /Users/annenpolka/ghq/github.com/annenpolka/voidtrace/packages/rules/src/execution.test.ts:192  (exclusive field=length)
           CUT    0  /Users/annenpolka/ghq/github.com/annenpolka/voidtrace/packages/sdk/src/index.test.ts:499  (exclusive field=length)
           CUT    0  /Users/annenpolka/ghq/github.com/annenpolka/voidtrace/packages/sdk/src/index.test.ts:596  (exclusive field=length)

SENTINEL   /Users/annenpolka/ghq/github.com/annenpolka/voidtrace/packages/kernel/src/scenario-domain.ts:1788  resolvedShield.value !== 0
           excluded sentinel sits on the cut
           CUT    0  /Users/annenpolka/ghq/github.com/annenpolka/voidtrace/packages/experiments/src/finite-breakpoint.test.ts:498  (exact field=value)
           CUT    0  /Users/annenpolka/ghq/github.com/annenpolka/voidtrace/packages/experiments/src/finite-sweep.test.ts:489  (exact field=value)
           CUT    0  /Users/annenpolka/ghq/github.com/annenpolka/voidtrace/packages/experiments/src/finite-sweep.test.ts:514  (exact field=value)
           CUT    0  /Users/annenpolka/ghq/github.com/annenpolka/voidtrace/packages/experiments/src/scenario-patch.test.ts:202  (exact field=value)
           CUT    0  /Users/annenpolka/ghq/github.com/annenpolka/voidtrace/packages/experiments/src/scenario-patch.test.ts:207  (exact field=value)
           CUT    0  /Users/annenpolka/ghq/github.com/annenpolka/voidtrace/packages/experiments/src/scenario-patch.test.ts:455  (exact field=value)

SENTINEL   /Users/annenpolka/ghq/github.com/annenpolka/voidtrace/packages/kernel/src/scenario-domain.ts:1788  resolvedOverguard.value !== 0
           excluded sentinel sits on the cut
           CUT    0  /Users/annenpolka/ghq/github.com/annenpolka/voidtrace/packages/experiments/src/finite-breakpoint.test.ts:498  (exact field=value)
           CUT    0  /Users/annenpolka/ghq/github.com/annenpolka/voidtrace/packages/experiments/src/finite-sweep.test.ts:489  (exact field=value)
           CUT    0  /Users/annenpolka/ghq/github.com/annenpolka/voidtrace/packages/experiments/src/finite-sweep.test.ts:514  (exact field=value)
           CUT    0  /Users/annenpolka/ghq/github.com/annenpolka/voidtrace/packages/experiments/src/scenario-patch.test.ts:202  (exact field=value)
           CUT    0  /Users/annenpolka/ghq/github.com/annenpolka/voidtrace/packages/experiments/src/scenario-patch.test.ts:207  (exact field=value)
           CUT    0  /Users/annenpolka/ghq/github.com/annenpolka/voidtrace/packages/experiments/src/scenario-patch.test.ts:455  (exact field=value)

SENTINEL   /Users/annenpolka/ghq/github.com/annenpolka/voidtrace/packages/kernel/src/scenario-domain.ts:1793  resolvedShield.value !== 0
           excluded sentinel sits on the cut
           CUT    0  /Users/annenpolka/ghq/github.com/annenpolka/voidtrace/packages/experiments/src/finite-breakpoint.test.ts:498  (exact field=value)
           CUT    0  /Users/annenpolka/ghq/github.com/annenpolka/voidtrace/packages/experiments/src/finite-sweep.test.ts:489  (exact field=value)
           CUT    0  /Users/annenpolka/ghq/github.com/annenpolka/voidtrace/packages/experiments/src/finite-sweep.test.ts:514  (exact field=value)
           CUT    0  /Users/annenpolka/ghq/github.com/annenpolka/voidtrace/packages/experiments/src/scenario-patch.test.ts:202  (exact field=value)
           CUT    0  /Users/annenpolka/ghq/github.com/annenpolka/voidtrace/packages/experiments/src/scenario-patch.test.ts:207  (exact field=value)
           CUT    0  /Users/annenpolka/ghq/github.com/annenpolka/voidtrace/packages/experiments/src/scenario-patch.test.ts:455  (exact field=value)

SENTINEL   /Users/annenpolka/ghq/github.com/annenpolka/voidtrace/packages/kernel/src/scenario-domain.ts:1867  criticalTier < 0
           excluded numeric sentinel 0 sits on the cut
           CUT    0  /Users/annenpolka/ghq/github.com/annenpolka/voidtrace/packages/kernel/src/scenario-domain.test.ts:398  (exclusive field=criticalTier)
           CUT    0  /Users/annenpolka/ghq/github.com/annenpolka/voidtrace/packages/kernel/src/scenario-domain.test.ts:432  (exclusive field=criticalTier)
           CUT    0  /Users/annenpolka/ghq/github.com/annenpolka/voidtrace/packages/kernel/src/scenario-domain.test.ts:462  (exclusive field=criticalTier)
           CUT    0  /Users/annenpolka/ghq/github.com/annenpolka/voidtrace/packages/rules/src/execution.test.ts:64  (exclusive field=criticalTier)

SENTINEL   /Users/annenpolka/ghq/github.com/annenpolka/voidtrace/packages/kernel/src/scenario-domain.ts:2006  scenario.targetGraph.relations.length > 0
           excluded numeric sentinel 0 sits on the cut
           CUT    0  /Users/annenpolka/ghq/github.com/annenpolka/voidtrace/packages/rules/src/execution.test.ts:192  (exclusive field=length)
           CUT    0  /Users/annenpolka/ghq/github.com/annenpolka/voidtrace/packages/sdk/src/index.test.ts:499  (exclusive field=length)
           CUT    0  /Users/annenpolka/ghq/github.com/annenpolka/voidtrace/packages/sdk/src/index.test.ts:596  (exclusive field=length)

SENTINEL   /Users/annenpolka/ghq/github.com/annenpolka/voidtrace/packages/kernel/src/scenario-domain.ts:2031  initialStateKeys.length > 0
           excluded numeric sentinel 0 sits on the cut
           CUT    0  /Users/annenpolka/ghq/github.com/annenpolka/voidtrace/packages/rules/src/execution.test.ts:192  (exclusive field=length)
           CUT    0  /Users/annenpolka/ghq/github.com/annenpolka/voidtrace/packages/sdk/src/index.test.ts:499  (exclusive field=length)
           CUT    0  /Users/annenpolka/ghq/github.com/annenpolka/voidtrace/packages/sdk/src/index.test.ts:596  (exclusive field=length)

SENTINEL   /Users/annenpolka/ghq/github.com/annenpolka/voidtrace/packages/kernel/src/scenario-domain.ts:2098  resolvedShield.value !== 0
           excluded sentinel sits on the cut
           CUT    0  /Users/annenpolka/ghq/github.com/annenpolka/voidtrace/packages/experiments/src/finite-breakpoint.test.ts:498  (exact field=value)
           CUT    0  /Users/annenpolka/ghq/github.com/annenpolka/voidtrace/packages/experiments/src/finite-sweep.test.ts:489  (exact field=value)
           CUT    0  /Users/annenpolka/ghq/github.com/annenpolka/voidtrace/packages/experiments/src/finite-sweep.test.ts:514  (exact field=value)
           CUT    0  /Users/annenpolka/ghq/github.com/annenpolka/voidtrace/packages/experiments/src/scenario-patch.test.ts:202  (exact field=value)
           CUT    0  /Users/annenpolka/ghq/github.com/annenpolka/voidtrace/packages/experiments/src/scenario-patch.test.ts:207  (exact field=value)
           CUT    0  /Users/annenpolka/ghq/github.com/annenpolka/voidtrace/packages/experiments/src/scenario-patch.test.ts:455  (exact field=value)

SENTINEL   /Users/annenpolka/ghq/github.com/annenpolka/voidtrace/packages/kernel/src/scenario-domain.ts:2122  resolvedOverguard.value !== 0
           excluded sentinel sits on the cut
           CUT    0  /Users/annenpolka/ghq/github.com/annenpolka/voidtrace/packages/experiments/src/finite-breakpoint.test.ts:498  (exact field=value)
           CUT    0  /Users/annenpolka/ghq/github.com/annenpolka/voidtrace/packages/experiments/src/finite-sweep.test.ts:489  (exact field=value)
           CUT    0  /Users/annenpolka/ghq/github.com/annenpolka/voidtrace/packages/experiments/src/finite-sweep.test.ts:514  (exact field=value)
           CUT    0  /Users/annenpolka/ghq/github.com/annenpolka/voidtrace/packages/experiments/src/scenario-patch.test.ts:202  (exact field=value)
           CUT    0  /Users/annenpolka/ghq/github.com/annenpolka/voidtrace/packages/experiments/src/scenario-patch.test.ts:207  (exact field=value)
           CUT    0  /Users/annenpolka/ghq/github.com/annenpolka/voidtrace/packages/experiments/src/scenario-patch.test.ts:455  (exact field=value)

SENTINEL   /Users/annenpolka/ghq/github.com/annenpolka/voidtrace/packages/kernel/src/scenario-domain.ts:2201  criticalTier < 0
           excluded numeric sentinel 0 sits on the cut
           CUT    0  /Users/annenpolka/ghq/github.com/annenpolka/voidtrace/packages/kernel/src/scenario-domain.test.ts:398  (exclusive field=criticalTier)
           CUT    0  /Users/annenpolka/ghq/github.com/annenpolka/voidtrace/packages/kernel/src/scenario-domain.test.ts:432  (exclusive field=criticalTier)
           CUT    0  /Users/annenpolka/ghq/github.com/annenpolka/voidtrace/packages/kernel/src/scenario-domain.test.ts:462  (exclusive field=criticalTier)
           CUT    0  /Users/annenpolka/ghq/github.com/annenpolka/voidtrace/packages/rules/src/execution.test.ts:64  (exclusive field=criticalTier)

SENTINEL   /Users/annenpolka/ghq/github.com/annenpolka/voidtrace/packages/kernel/src/scenario-domain.ts:2409  resolvedHealthDamagePerTick < 0
           excluded numeric sentinel 0 sits on the cut
           CUT    0  /Users/annenpolka/ghq/github.com/annenpolka/voidtrace/packages/kernel/src/scenario-domain.ts:1199  (exclusive field=resolvedHealthDamagePerTick)
           CUT    0  /Users/annenpolka/ghq/github.com/annenpolka/voidtrace/packages/kernel/src/scenario-domain.ts:1580  (exclusive field=resolvedHealthDamagePerTick)
           CUT    0  /Users/annenpolka/ghq/github.com/annenpolka/voidtrace/packages/kernel/src/scenario-domain.ts:1951  (exclusive field=resolvedHealthDamagePerTick)
           CUT    0  /Users/annenpolka/ghq/github.com/annenpolka/voidtrace/packages/kernel/src/scenario-domain.ts:2328  (exclusive field=resolvedHealthDamagePerTick)
           CUT    0  /Users/annenpolka/ghq/github.com/annenpolka/voidtrace/packages/kernel/src/scenario-domain.ts:2764  (exclusive field=resolvedHealthDamagePerTick)
           CUT    0  /Users/annenpolka/ghq/github.com/annenpolka/voidtrace/packages/kernel/src/scenario-domain.ts:3070  (exclusive field=resolvedHealthDamagePerTick)

SENTINEL   /Users/annenpolka/ghq/github.com/annenpolka/voidtrace/packages/kernel/src/scenario-domain.ts:2606  criticalTier < 0
           excluded numeric sentinel 0 sits on the cut
           CUT    0  /Users/annenpolka/ghq/github.com/annenpolka/voidtrace/packages/kernel/src/scenario-domain.test.ts:398  (exclusive field=criticalTier)
           CUT    0  /Users/annenpolka/ghq/github.com/annenpolka/voidtrace/packages/kernel/src/scenario-domain.test.ts:432  (exclusive field=criticalTier)
           CUT    0  /Users/annenpolka/ghq/github.com/annenpolka/voidtrace/packages/kernel/src/scenario-domain.test.ts:462  (exclusive field=criticalTier)
           CUT    0  /Users/annenpolka/ghq/github.com/annenpolka/voidtrace/packages/rules/src/execution.test.ts:64  (exclusive field=criticalTier)

SENTINEL   /Users/annenpolka/ghq/github.com/annenpolka/voidtrace/packages/kernel/src/scenario-domain.ts:2627  resolvedSlashHealthDamagePerTick < 0
           excluded numeric sentinel 0 sits on the cut
           CUT    0  /Users/annenpolka/ghq/github.com/annenpolka/voidtrace/packages/kernel/src/scenario-domain.ts:1203  (exclusive field=resolvedSlashHealthDamagePerTick)
           CUT    0  /Users/annenpolka/ghq/github.com/annenpolka/voidtrace/packages/kernel/src/scenario-domain.ts:1584  (exclusive field=resolvedSlashHealthDamagePerTick)
           CUT    0  /Users/annenpolka/ghq/github.com/annenpolka/voidtrace/packages/kernel/src/scenario-domain.ts:1955  (exclusive field=resolvedSlashHealthDamagePerTick)
           CUT    0  /Users/annenpolka/ghq/github.com/annenpolka/voidtrace/packages/kernel/src/scenario-domain.ts:2332  (exclusive field=resolvedSlashHealthDamagePerTick)
           CUT    0  /Users/annenpolka/ghq/github.com/annenpolka/voidtrace/packages/kernel/src/scenario-domain.ts:2517  (exclusive field=resolvedSlashHealthDamagePerTick)
           CUT    0  /Users/annenpolka/ghq/github.com/annenpolka/voidtrace/packages/kernel/src/scenario-domain.ts:3074  (exclusive field=resolvedSlashHealthDamagePerTick)

SENTINEL   /Users/annenpolka/ghq/github.com/annenpolka/voidtrace/packages/kernel/src/trace-replay.ts:36  value < 0
           excluded numeric sentinel 0 sits on the cut
           CUT    0  /Users/annenpolka/ghq/github.com/annenpolka/voidtrace/packages/experiments/src/finite-breakpoint.test.ts:498  (exclusive field=value)
           CUT    0  /Users/annenpolka/ghq/github.com/annenpolka/voidtrace/packages/experiments/src/finite-sweep.test.ts:489  (exclusive field=value)
           CUT    0  /Users/annenpolka/ghq/github.com/annenpolka/voidtrace/packages/experiments/src/finite-sweep.test.ts:514  (exclusive field=value)
           CUT    0  /Users/annenpolka/ghq/github.com/annenpolka/voidtrace/packages/experiments/src/scenario-patch.test.ts:202  (exclusive field=value)
           CUT    0  /Users/annenpolka/ghq/github.com/annenpolka/voidtrace/packages/experiments/src/scenario-patch.test.ts:207  (exclusive field=value)
           CUT    0  /Users/annenpolka/ghq/github.com/annenpolka/voidtrace/packages/experiments/src/scenario-patch.test.ts:455  (exclusive field=value)

SENTINEL   /Users/annenpolka/ghq/github.com/annenpolka/voidtrace/packages/kernel/src/trace-replay.ts:103  tier < 0
           excluded numeric sentinel 0 sits on the cut
           CUT    0  /Users/annenpolka/ghq/github.com/annenpolka/voidtrace/packages/contracts/src/validator.test.ts:569  (exclusive field=tier)
           CUT    0  /Users/annenpolka/ghq/github.com/annenpolka/voidtrace/packages/rules/src/execution.test.ts:1536  (exclusive field=tier)
           CUT    0  /Users/annenpolka/ghq/github.com/annenpolka/voidtrace/packages/rules/src/ruleset.test.ts:276  (exclusive field=tier)

SENTINEL   /Users/annenpolka/ghq/github.com/annenpolka/voidtrace/packages/kernel/src/trace-replay.ts:106  weight <= 0
           excluded numeric sentinel 0 sits on the cut
           CUT    1  /Users/annenpolka/ghq/github.com/annenpolka/voidtrace/packages/rules/src/execution.test.ts:1431  (exclusive field=weight)
           CUT    1  /Users/annenpolka/ghq/github.com/annenpolka/voidtrace/packages/rules/src/execution.test.ts:1450  (exclusive field=weight)
           CUT    1  /Users/annenpolka/ghq/github.com/annenpolka/voidtrace/packages/rules/src/execution.test.ts:1537  (exclusive field=weight)
           CUT    1  /Users/annenpolka/ghq/github.com/annenpolka/voidtrace/packages/rules/src/ruleset.test.ts:277  (exclusive field=weight)
           CUT    0  /Users/annenpolka/ghq/github.com/annenpolka/voidtrace/packages/rules/src/execution.test.ts:1471  (inclusive field=weight)

SENTINEL   /Users/annenpolka/ghq/github.com/annenpolka/voidtrace/packages/kernel/src/trace-replay.ts:130  index < 0
           excluded numeric sentinel 0 sits on the cut
           CUT    0  /Users/annenpolka/ghq/github.com/annenpolka/voidtrace/packages/contracts/src/canonical-json.ts:10  (exclusive field=index)
           CUT    0  /Users/annenpolka/ghq/github.com/annenpolka/voidtrace/packages/contracts/src/canonical-json.ts:91  (exclusive field=index)
           CUT    0  /Users/annenpolka/ghq/github.com/annenpolka/voidtrace/packages/contracts/src/canonical-json.ts:184  (exclusive field=index)
           CUT    0  /Users/annenpolka/ghq/github.com/annenpolka/voidtrace/packages/contracts/src/canonical-json.ts:198  (exclusive field=index)
           CUT    0  /Users/annenpolka/ghq/github.com/annenpolka/voidtrace/packages/experiments/src/finite-breakpoint.test.ts:426  (exclusive field=index)
           CUT    0  /Users/annenpolka/ghq/github.com/annenpolka/voidtrace/packages/experiments/src/scenario-patch.test.ts:197  (exclusive field=index)

SENTINEL   /Users/annenpolka/ghq/github.com/annenpolka/voidtrace/packages/kernel/src/trace-replay.ts:156  index < 0
           excluded numeric sentinel 0 sits on the cut
           CUT    0  /Users/annenpolka/ghq/github.com/annenpolka/voidtrace/packages/contracts/src/canonical-json.ts:10  (exclusive field=index)
           CUT    0  /Users/annenpolka/ghq/github.com/annenpolka/voidtrace/packages/contracts/src/canonical-json.ts:91  (exclusive field=index)
           CUT    0  /Users/annenpolka/ghq/github.com/annenpolka/voidtrace/packages/contracts/src/canonical-json.ts:184  (exclusive field=index)
           CUT    0  /Users/annenpolka/ghq/github.com/annenpolka/voidtrace/packages/contracts/src/canonical-json.ts:198  (exclusive field=index)
           CUT    0  /Users/annenpolka/ghq/github.com/annenpolka/voidtrace/packages/experiments/src/finite-breakpoint.test.ts:426  (exclusive field=index)
           CUT    0  /Users/annenpolka/ghq/github.com/annenpolka/voidtrace/packages/experiments/src/scenario-patch.test.ts:197  (exclusive field=index)

SENTINEL   /Users/annenpolka/ghq/github.com/annenpolka/voidtrace/packages/kernel/src/trace-replay.ts:192  index < 0
           excluded numeric sentinel 0 sits on the cut
           CUT    0  /Users/annenpolka/ghq/github.com/annenpolka/voidtrace/packages/contracts/src/canonical-json.ts:10  (exclusive field=index)
           CUT    0  /Users/annenpolka/ghq/github.com/annenpolka/voidtrace/packages/contracts/src/canonical-json.ts:91  (exclusive field=index)
           CUT    0  /Users/annenpolka/ghq/github.com/annenpolka/voidtrace/packages/contracts/src/canonical-json.ts:184  (exclusive field=index)
           CUT    0  /Users/annenpolka/ghq/github.com/annenpolka/voidtrace/packages/contracts/src/canonical-json.ts:198  (exclusive field=index)
           CUT    0  /Users/annenpolka/ghq/github.com/annenpolka/voidtrace/packages/experiments/src/finite-breakpoint.test.ts:426  (exclusive field=index)
           CUT    0  /Users/annenpolka/ghq/github.com/annenpolka/voidtrace/packages/experiments/src/scenario-patch.test.ts:197  (exclusive field=index)

SENTINEL   /Users/annenpolka/ghq/github.com/annenpolka/voidtrace/packages/kernel/src/trace-replay.ts:264  value < 0
           excluded numeric sentinel 0 sits on the cut
           CUT    0  /Users/annenpolka/ghq/github.com/annenpolka/voidtrace/packages/experiments/src/finite-breakpoint.test.ts:498  (exclusive field=value)
           CUT    0  /Users/annenpolka/ghq/github.com/annenpolka/voidtrace/packages/experiments/src/finite-sweep.test.ts:489  (exclusive field=value)
           CUT    0  /Users/annenpolka/ghq/github.com/annenpolka/voidtrace/packages/experiments/src/finite-sweep.test.ts:514  (exclusive field=value)
           CUT    0  /Users/annenpolka/ghq/github.com/annenpolka/voidtrace/packages/experiments/src/scenario-patch.test.ts:202  (exclusive field=value)
           CUT    0  /Users/annenpolka/ghq/github.com/annenpolka/voidtrace/packages/experiments/src/scenario-patch.test.ts:207  (exclusive field=value)
           CUT    0  /Users/annenpolka/ghq/github.com/annenpolka/voidtrace/packages/experiments/src/scenario-patch.test.ts:455  (exclusive field=value)

SENTINEL   /Users/annenpolka/ghq/github.com/annenpolka/voidtrace/packages/kernel/src/trace-replay.ts:279  value < 0
           excluded numeric sentinel 0 sits on the cut
           CUT    0  /Users/annenpolka/ghq/github.com/annenpolka/voidtrace/packages/experiments/src/finite-breakpoint.test.ts:498  (exclusive field=value)
           CUT    0  /Users/annenpolka/ghq/github.com/annenpolka/voidtrace/packages/experiments/src/finite-sweep.test.ts:489  (exclusive field=value)
           CUT    0  /Users/annenpolka/ghq/github.com/annenpolka/voidtrace/packages/experiments/src/finite-sweep.test.ts:514  (exclusive field=value)
           CUT    0  /Users/annenpolka/ghq/github.com/annenpolka/voidtrace/packages/experiments/src/scenario-patch.test.ts:202  (exclusive field=value)
           CUT    0  /Users/annenpolka/ghq/github.com/annenpolka/voidtrace/packages/experiments/src/scenario-patch.test.ts:207  (exclusive field=value)
           CUT    0  /Users/annenpolka/ghq/github.com/annenpolka/voidtrace/packages/experiments/src/scenario-patch.test.ts:455  (exclusive field=value)

SENTINEL   /Users/annenpolka/ghq/github.com/annenpolka/voidtrace/packages/kernel/src/trace-replay.ts:363  tier < 0
           excluded numeric sentinel 0 sits on the cut
           CUT    0  /Users/annenpolka/ghq/github.com/annenpolka/voidtrace/packages/contracts/src/validator.test.ts:569  (exclusive field=tier)
           CUT    0  /Users/annenpolka/ghq/github.com/annenpolka/voidtrace/packages/rules/src/execution.test.ts:1536  (exclusive field=tier)
           CUT    0  /Users/annenpolka/ghq/github.com/annenpolka/voidtrace/packages/rules/src/ruleset.test.ts:276  (exclusive field=tier)

SENTINEL   /Users/annenpolka/ghq/github.com/annenpolka/voidtrace/packages/kernel/src/trace-replay.ts:367  weight <= 0
           excluded numeric sentinel 0 sits on the cut
           CUT    1  /Users/annenpolka/ghq/github.com/annenpolka/voidtrace/packages/rules/src/execution.test.ts:1431  (exclusive field=weight)
           CUT    1  /Users/annenpolka/ghq/github.com/annenpolka/voidtrace/packages/rules/src/execution.test.ts:1450  (exclusive field=weight)
           CUT    1  /Users/annenpolka/ghq/github.com/annenpolka/voidtrace/packages/rules/src/execution.test.ts:1537  (exclusive field=weight)
           CUT    1  /Users/annenpolka/ghq/github.com/annenpolka/voidtrace/packages/rules/src/ruleset.test.ts:277  (exclusive field=weight)
           CUT    0  /Users/annenpolka/ghq/github.com/annenpolka/voidtrace/packages/rules/src/execution.test.ts:1471  (inclusive field=weight)

SENTINEL   /Users/annenpolka/ghq/github.com/annenpolka/voidtrace/packages/kernel/src/trace-replay.ts:425  value < 0
           excluded numeric sentinel 0 sits on the cut
           CUT    0  /Users/annenpolka/ghq/github.com/annenpolka/voidtrace/packages/experiments/src/finite-breakpoint.test.ts:498  (exclusive field=value)
           CUT    0  /Users/annenpolka/ghq/github.com/annenpolka/voidtrace/packages/experiments/src/finite-sweep.test.ts:489  (exclusive field=value)
           CUT    0  /Users/annenpolka/ghq/github.com/annenpolka/voidtrace/packages/experiments/src/finite-sweep.test.ts:514  (exclusive field=value)
           CUT    0  /Users/annenpolka/ghq/github.com/annenpolka/voidtrace/packages/experiments/src/scenario-patch.test.ts:202  (exclusive field=value)
           CUT    0  /Users/annenpolka/ghq/github.com/annenpolka/voidtrace/packages/experiments/src/scenario-patch.test.ts:207  (exclusive field=value)
           CUT    0  /Users/annenpolka/ghq/github.com/annenpolka/voidtrace/packages/experiments/src/scenario-patch.test.ts:455  (exclusive field=value)

SENTINEL   /Users/annenpolka/ghq/github.com/annenpolka/voidtrace/packages/kernel/src/trace-replay.ts:536  value < 0
           excluded numeric sentinel 0 sits on the cut
           CUT    0  /Users/annenpolka/ghq/github.com/annenpolka/voidtrace/packages/experiments/src/finite-breakpoint.test.ts:498  (exclusive field=value)
           CUT    0  /Users/annenpolka/ghq/github.com/annenpolka/voidtrace/packages/experiments/src/finite-sweep.test.ts:489  (exclusive field=value)
           CUT    0  /Users/annenpolka/ghq/github.com/annenpolka/voidtrace/packages/experiments/src/finite-sweep.test.ts:514  (exclusive field=value)
           CUT    0  /Users/annenpolka/ghq/github.com/annenpolka/voidtrace/packages/experiments/src/scenario-patch.test.ts:202  (exclusive field=value)
           CUT    0  /Users/annenpolka/ghq/github.com/annenpolka/voidtrace/packages/experiments/src/scenario-patch.test.ts:207  (exclusive field=value)
           CUT    0  /Users/annenpolka/ghq/github.com/annenpolka/voidtrace/packages/experiments/src/scenario-patch.test.ts:455  (exclusive field=value)

SENTINEL   /Users/annenpolka/ghq/github.com/annenpolka/voidtrace/packages/kernel/src/trace-replay.ts:588  health < 0
           excluded numeric sentinel 0 sits on the cut
           CUT    0  /Users/annenpolka/ghq/github.com/annenpolka/voidtrace/apps/cli/src/cli.test.ts:358  (exclusive field=health)
           CUT    0  /Users/annenpolka/ghq/github.com/annenpolka/voidtrace/packages/kernel/src/evaluate.test.ts:732  (exclusive field=health)
           CUT    0  /Users/annenpolka/ghq/github.com/annenpolka/voidtrace/packages/kernel/src/evaluate.test.ts:827  (exclusive field=health)
           CUT    0  /Users/annenpolka/ghq/github.com/annenpolka/voidtrace/packages/kernel/src/evaluate.test.ts:940  (exclusive field=health)
           CUT    0  /Users/annenpolka/ghq/github.com/annenpolka/voidtrace/packages/kernel/src/evaluate.test.ts:2240  (exclusive field=health)
           CUT    0  /Users/annenpolka/ghq/github.com/annenpolka/voidtrace/packages/kernel/src/evaluate.test.ts:2970  (exclusive field=health)

SENTINEL   /Users/annenpolka/ghq/github.com/annenpolka/voidtrace/packages/kernel/src/trace-replay.ts:829  hitCount < 0
           excluded numeric sentinel 0 sits on the cut
           CUT    0  /Users/annenpolka/ghq/github.com/annenpolka/voidtrace/packages/kernel/src/scenario-domain.ts:1370  (exclusive field=hitCount)
           CUT    0  /Users/annenpolka/ghq/github.com/annenpolka/voidtrace/packages/kernel/src/scenario-domain.ts:3059  (exclusive field=hitCount)

SENTINEL   /Users/annenpolka/ghq/github.com/annenpolka/voidtrace/packages/kernel/src/trace-replay.ts:837  decision.eventTimeMs !== 0
           excluded sentinel sits on the cut
           CUT    0  /Users/annenpolka/ghq/github.com/annenpolka/voidtrace/packages/contracts/src/validator.test.ts:140  (exact field=eventTimeMs)
           CUT    0  /Users/annenpolka/ghq/github.com/annenpolka/voidtrace/packages/contracts/src/validator.test.ts:166  (exact field=eventTimeMs)
           CUT    0  /Users/annenpolka/ghq/github.com/annenpolka/voidtrace/packages/kernel/src/trace-replay.ts:424  (exact)
           CUT    0  /Users/annenpolka/ghq/github.com/annenpolka/voidtrace/packages/kernel/src/trace-replay.ts:535  (exact)
           CUT    0  /Users/annenpolka/ghq/github.com/annenpolka/voidtrace/packages/kernel/src/trace-replay.ts:687  (exact)
           CUT    0  /Users/annenpolka/ghq/github.com/annenpolka/voidtrace/packages/kernel/src/trace-replay.ts:802  (exact)

SENTINEL   /Users/annenpolka/ghq/github.com/annenpolka/voidtrace/packages/kernel/src/trace-replay.ts:893  decision.eventTimeMs !== 0
           excluded sentinel sits on the cut
           CUT    0  /Users/annenpolka/ghq/github.com/annenpolka/voidtrace/packages/contracts/src/validator.test.ts:140  (exact field=eventTimeMs)
           CUT    0  /Users/annenpolka/ghq/github.com/annenpolka/voidtrace/packages/contracts/src/validator.test.ts:166  (exact field=eventTimeMs)
           CUT    0  /Users/annenpolka/ghq/github.com/annenpolka/voidtrace/packages/kernel/src/trace-replay.ts:424  (exact)
           CUT    0  /Users/annenpolka/ghq/github.com/annenpolka/voidtrace/packages/kernel/src/trace-replay.ts:535  (exact)
           CUT    0  /Users/annenpolka/ghq/github.com/annenpolka/voidtrace/packages/kernel/src/trace-replay.ts:687  (exact)
           CUT    0  /Users/annenpolka/ghq/github.com/annenpolka/voidtrace/packages/kernel/src/trace-replay.ts:802  (exact)

SENTINEL   /Users/annenpolka/ghq/github.com/annenpolka/voidtrace/packages/kernel/src/trace-replay.ts:952  decision.eventTimeMs !== 0
           excluded sentinel sits on the cut
           CUT    0  /Users/annenpolka/ghq/github.com/annenpolka/voidtrace/packages/contracts/src/validator.test.ts:140  (exact field=eventTimeMs)
           CUT    0  /Users/annenpolka/ghq/github.com/annenpolka/voidtrace/packages/contracts/src/validator.test.ts:166  (exact field=eventTimeMs)
           CUT    0  /Users/annenpolka/ghq/github.com/annenpolka/voidtrace/packages/kernel/src/trace-replay.ts:424  (exact)
           CUT    0  /Users/annenpolka/ghq/github.com/annenpolka/voidtrace/packages/kernel/src/trace-replay.ts:535  (exact)
           CUT    0  /Users/annenpolka/ghq/github.com/annenpolka/voidtrace/packages/kernel/src/trace-replay.ts:687  (exact)
           CUT    0  /Users/annenpolka/ghq/github.com/annenpolka/voidtrace/packages/kernel/src/trace-replay.ts:802  (exact)

SENTINEL   /Users/annenpolka/ghq/github.com/annenpolka/voidtrace/packages/kernel/src/trace-replay.ts:1038  decision.eventTimeMs !== 0
           excluded sentinel sits on the cut
           CUT    0  /Users/annenpolka/ghq/github.com/annenpolka/voidtrace/packages/contracts/src/validator.test.ts:140  (exact field=eventTimeMs)
           CUT    0  /Users/annenpolka/ghq/github.com/annenpolka/voidtrace/packages/contracts/src/validator.test.ts:166  (exact field=eventTimeMs)
           CUT    0  /Users/annenpolka/ghq/github.com/annenpolka/voidtrace/packages/kernel/src/trace-replay.ts:424  (exact)
           CUT    0  /Users/annenpolka/ghq/github.com/annenpolka/voidtrace/packages/kernel/src/trace-replay.ts:535  (exact)
           CUT    0  /Users/annenpolka/ghq/github.com/annenpolka/voidtrace/packages/kernel/src/trace-replay.ts:687  (exact)
           CUT    0  /Users/annenpolka/ghq/github.com/annenpolka/voidtrace/packages/kernel/src/trace-replay.ts:802  (exact)

SENTINEL   /Users/annenpolka/ghq/github.com/annenpolka/voidtrace/packages/kernel/src/trace-replay.ts:1356  decision.eventTimeMs !== 0
           excluded sentinel sits on the cut
           CUT    0  /Users/annenpolka/ghq/github.com/annenpolka/voidtrace/packages/contracts/src/validator.test.ts:140  (exact field=eventTimeMs)
           CUT    0  /Users/annenpolka/ghq/github.com/annenpolka/voidtrace/packages/contracts/src/validator.test.ts:166  (exact field=eventTimeMs)
           CUT    0  /Users/annenpolka/ghq/github.com/annenpolka/voidtrace/packages/kernel/src/trace-replay.ts:424  (exact)
           CUT    0  /Users/annenpolka/ghq/github.com/annenpolka/voidtrace/packages/kernel/src/trace-replay.ts:535  (exact)
           CUT    0  /Users/annenpolka/ghq/github.com/annenpolka/voidtrace/packages/kernel/src/trace-replay.ts:687  (exact)
           CUT    0  /Users/annenpolka/ghq/github.com/annenpolka/voidtrace/packages/kernel/src/trace-replay.ts:802  (exact)

SENTINEL   /Users/annenpolka/ghq/github.com/annenpolka/voidtrace/packages/kernel/src/trace-replay.ts:1405  criticalChance < 0
           excluded numeric sentinel 0 sits on the cut
           CUT    0  /Users/annenpolka/ghq/github.com/annenpolka/voidtrace/packages/rules/src/execution.test.ts:65  (exclusive field=criticalChance)

SENTINEL   /Users/annenpolka/ghq/github.com/annenpolka/voidtrace/packages/kernel/src/trace-replay.ts:1580  tier < 0
           excluded numeric sentinel 0 sits on the cut
           CUT    0  /Users/annenpolka/ghq/github.com/annenpolka/voidtrace/packages/contracts/src/validator.test.ts:569  (exclusive field=tier)
           CUT    0  /Users/annenpolka/ghq/github.com/annenpolka/voidtrace/packages/rules/src/execution.test.ts:1536  (exclusive field=tier)
           CUT    0  /Users/annenpolka/ghq/github.com/annenpolka/voidtrace/packages/rules/src/ruleset.test.ts:276  (exclusive field=tier)

SENTINEL   /Users/annenpolka/ghq/github.com/annenpolka/voidtrace/packages/kernel/src/trace-replay.ts:1605  armor < 0
           excluded numeric sentinel 0 sits on the cut
           CUT    0  /Users/annenpolka/ghq/github.com/annenpolka/voidtrace/packages/rules/src/execution.test.ts:68  (exclusive field=armor)

SENTINEL   /Users/annenpolka/ghq/github.com/annenpolka/voidtrace/packages/kernel/src/trace-replay.ts:1924  decision.eventTimeMs !== 0
           excluded sentinel sits on the cut
           CUT    0  /Users/annenpolka/ghq/github.com/annenpolka/voidtrace/packages/contracts/src/validator.test.ts:140  (exact field=eventTimeMs)
           CUT    0  /Users/annenpolka/ghq/github.com/annenpolka/voidtrace/packages/contracts/src/validator.test.ts:166  (exact field=eventTimeMs)
           CUT    0  /Users/annenpolka/ghq/github.com/annenpolka/voidtrace/packages/kernel/src/trace-replay.ts:424  (exact)
           CUT    0  /Users/annenpolka/ghq/github.com/annenpolka/voidtrace/packages/kernel/src/trace-replay.ts:535  (exact)
           CUT    0  /Users/annenpolka/ghq/github.com/annenpolka/voidtrace/packages/kernel/src/trace-replay.ts:687  (exact)
           CUT    0  /Users/annenpolka/ghq/github.com/annenpolka/voidtrace/packages/kernel/src/trace-replay.ts:802  (exact)

SENTINEL   /Users/annenpolka/ghq/github.com/annenpolka/voidtrace/packages/kernel/src/trace-replay.ts:2157  total < 0
           excluded numeric sentinel 0 sits on the cut
           CUT    0  /Users/annenpolka/ghq/github.com/annenpolka/voidtrace/packages/rules/src/execution.ts:1114  (exclusive field=total)

SENTINEL   /Users/annenpolka/ghq/github.com/annenpolka/voidtrace/packages/kernel/src/trace-replay.ts:2346  healthAfter < 0
           excluded numeric sentinel 0 sits on the cut
           CUT    0  /Users/annenpolka/ghq/github.com/annenpolka/voidtrace/packages/kernel/src/evaluate.test.ts:711  (exclusive field=healthAfter)
           CUT    0  /Users/annenpolka/ghq/github.com/annenpolka/voidtrace/packages/rules/src/execution.test.ts:681  (exclusive field=healthAfter)
           CUT    0  /Users/annenpolka/ghq/github.com/annenpolka/voidtrace/packages/rules/src/execution.test.ts:739  (exclusive field=healthAfter)
           CUT    0  /Users/annenpolka/ghq/github.com/annenpolka/voidtrace/packages/rules/src/execution.test.ts:775  (exclusive field=healthAfter)
           CUT    0  /Users/annenpolka/ghq/github.com/annenpolka/voidtrace/packages/rules/src/execution.test.ts:906  (exclusive field=healthAfter)
           CUT    0  /Users/annenpolka/ghq/github.com/annenpolka/voidtrace/packages/rules/src/execution.test.ts:941  (exclusive field=healthAfter)

SENTINEL   /Users/annenpolka/ghq/github.com/annenpolka/voidtrace/packages/kernel/src/trace-replay.ts:2361  value < 0
           excluded numeric sentinel 0 sits on the cut
           CUT    0  /Users/annenpolka/ghq/github.com/annenpolka/voidtrace/packages/experiments/src/finite-breakpoint.test.ts:498  (exclusive field=value)
           CUT    0  /Users/annenpolka/ghq/github.com/annenpolka/voidtrace/packages/experiments/src/finite-sweep.test.ts:489  (exclusive field=value)
           CUT    0  /Users/annenpolka/ghq/github.com/annenpolka/voidtrace/packages/experiments/src/finite-sweep.test.ts:514  (exclusive field=value)
           CUT    0  /Users/annenpolka/ghq/github.com/annenpolka/voidtrace/packages/experiments/src/scenario-patch.test.ts:202  (exclusive field=value)
           CUT    0  /Users/annenpolka/ghq/github.com/annenpolka/voidtrace/packages/experiments/src/scenario-patch.test.ts:207  (exclusive field=value)
           CUT    0  /Users/annenpolka/ghq/github.com/annenpolka/voidtrace/packages/experiments/src/scenario-patch.test.ts:455  (exclusive field=value)

SENTINEL   /Users/annenpolka/ghq/github.com/annenpolka/voidtrace/packages/kernel/src/trace-replay.ts:2488  healthAfter < 0
           excluded numeric sentinel 0 sits on the cut
           CUT    0  /Users/annenpolka/ghq/github.com/annenpolka/voidtrace/packages/kernel/src/evaluate.test.ts:711  (exclusive field=healthAfter)
           CUT    0  /Users/annenpolka/ghq/github.com/annenpolka/voidtrace/packages/rules/src/execution.test.ts:681  (exclusive field=healthAfter)
           CUT    0  /Users/annenpolka/ghq/github.com/annenpolka/voidtrace/packages/rules/src/execution.test.ts:739  (exclusive field=healthAfter)
           CUT    0  /Users/annenpolka/ghq/github.com/annenpolka/voidtrace/packages/rules/src/execution.test.ts:775  (exclusive field=healthAfter)
           CUT    0  /Users/annenpolka/ghq/github.com/annenpolka/voidtrace/packages/rules/src/execution.test.ts:906  (exclusive field=healthAfter)
           CUT    0  /Users/annenpolka/ghq/github.com/annenpolka/voidtrace/packages/rules/src/execution.test.ts:941  (exclusive field=healthAfter)

SENTINEL   /Users/annenpolka/ghq/github.com/annenpolka/voidtrace/packages/kernel/src/trace-replay.ts:2504  value < 0
           excluded numeric sentinel 0 sits on the cut
           CUT    0  /Users/annenpolka/ghq/github.com/annenpolka/voidtrace/packages/experiments/src/finite-breakpoint.test.ts:498  (exclusive field=value)
           CUT    0  /Users/annenpolka/ghq/github.com/annenpolka/voidtrace/packages/experiments/src/finite-sweep.test.ts:489  (exclusive field=value)
           CUT    0  /Users/annenpolka/ghq/github.com/annenpolka/voidtrace/packages/experiments/src/finite-sweep.test.ts:514  (exclusive field=value)
           CUT    0  /Users/annenpolka/ghq/github.com/annenpolka/voidtrace/packages/experiments/src/scenario-patch.test.ts:202  (exclusive field=value)
           CUT    0  /Users/annenpolka/ghq/github.com/annenpolka/voidtrace/packages/experiments/src/scenario-patch.test.ts:207  (exclusive field=value)
           CUT    0  /Users/annenpolka/ghq/github.com/annenpolka/voidtrace/packages/experiments/src/scenario-patch.test.ts:455  (exclusive field=value)

SENTINEL   /Users/annenpolka/ghq/github.com/annenpolka/voidtrace/packages/kernel/src/trace-replay.ts:2525  damageTotal !== 0
           excluded sentinel sits on the cut
           CUT    0  /Users/annenpolka/ghq/github.com/annenpolka/voidtrace/packages/kernel/src/trace-replay.ts:424  (exact)
           CUT    0  /Users/annenpolka/ghq/github.com/annenpolka/voidtrace/packages/kernel/src/trace-replay.ts:535  (exact)
           CUT    0  /Users/annenpolka/ghq/github.com/annenpolka/voidtrace/packages/kernel/src/trace-replay.ts:687  (exact)
           CUT    0  /Users/annenpolka/ghq/github.com/annenpolka/voidtrace/packages/kernel/src/trace-replay.ts:802  (exact)
           CUT    0  /Users/annenpolka/ghq/github.com/annenpolka/voidtrace/packages/kernel/src/trace-replay.ts:843  (exact)
           CUT    0  /Users/annenpolka/ghq/github.com/annenpolka/voidtrace/packages/kernel/src/trace-replay.ts:899  (exact)

SENTINEL   /Users/annenpolka/ghq/github.com/annenpolka/voidtrace/packages/kernel/src/trace-replay.ts:2677  value < 0
           excluded numeric sentinel 0 sits on the cut
           CUT    0  /Users/annenpolka/ghq/github.com/annenpolka/voidtrace/packages/experiments/src/finite-breakpoint.test.ts:498  (exclusive field=value)
           CUT    0  /Users/annenpolka/ghq/github.com/annenpolka/voidtrace/packages/experiments/src/finite-sweep.test.ts:489  (exclusive field=value)
           CUT    0  /Users/annenpolka/ghq/github.com/annenpolka/voidtrace/packages/experiments/src/finite-sweep.test.ts:514  (exclusive field=value)
           CUT    0  /Users/annenpolka/ghq/github.com/annenpolka/voidtrace/packages/experiments/src/scenario-patch.test.ts:202  (exclusive field=value)
           CUT    0  /Users/annenpolka/ghq/github.com/annenpolka/voidtrace/packages/experiments/src/scenario-patch.test.ts:207  (exclusive field=value)
           CUT    0  /Users/annenpolka/ghq/github.com/annenpolka/voidtrace/packages/experiments/src/scenario-patch.test.ts:455  (exclusive field=value)

SENTINEL   /Users/annenpolka/ghq/github.com/annenpolka/voidtrace/packages/kernel/src/world-state.ts:47  timeMs < 0
           excluded numeric sentinel 0 sits on the cut
           CUT    0  /Users/annenpolka/ghq/github.com/annenpolka/voidtrace/packages/kernel/src/evaluate.ts:2910  (exclusive field=timeMs)

SENTINEL   /Users/annenpolka/ghq/github.com/annenpolka/voidtrace/packages/rules/src/execution.ts:358  value < 0
           excluded numeric sentinel 0 sits on the cut
           CUT    0  /Users/annenpolka/ghq/github.com/annenpolka/voidtrace/packages/experiments/src/finite-breakpoint.test.ts:498  (exclusive field=value)
           CUT    0  /Users/annenpolka/ghq/github.com/annenpolka/voidtrace/packages/experiments/src/finite-sweep.test.ts:489  (exclusive field=value)
           CUT    0  /Users/annenpolka/ghq/github.com/annenpolka/voidtrace/packages/experiments/src/finite-sweep.test.ts:514  (exclusive field=value)
           CUT    0  /Users/annenpolka/ghq/github.com/annenpolka/voidtrace/packages/experiments/src/scenario-patch.test.ts:202  (exclusive field=value)
           CUT    0  /Users/annenpolka/ghq/github.com/annenpolka/voidtrace/packages/experiments/src/scenario-patch.test.ts:207  (exclusive field=value)
           CUT    0  /Users/annenpolka/ghq/github.com/annenpolka/voidtrace/packages/experiments/src/scenario-patch.test.ts:455  (exclusive field=value)

SENTINEL   /Users/annenpolka/ghq/github.com/annenpolka/voidtrace/packages/rules/src/execution.ts:375  value >= 0
           included numeric sentinel 0 sits on the cut
           CUT    0  /Users/annenpolka/ghq/github.com/annenpolka/voidtrace/packages/experiments/src/finite-breakpoint.test.ts:498  (inclusive field=value)
           CUT    0  /Users/annenpolka/ghq/github.com/annenpolka/voidtrace/packages/experiments/src/finite-sweep.test.ts:489  (inclusive field=value)
           CUT    0  /Users/annenpolka/ghq/github.com/annenpolka/voidtrace/packages/experiments/src/finite-sweep.test.ts:514  (inclusive field=value)
           CUT    0  /Users/annenpolka/ghq/github.com/annenpolka/voidtrace/packages/experiments/src/scenario-patch.test.ts:202  (inclusive field=value)
           CUT    0  /Users/annenpolka/ghq/github.com/annenpolka/voidtrace/packages/experiments/src/scenario-patch.test.ts:207  (inclusive field=value)
           CUT    0  /Users/annenpolka/ghq/github.com/annenpolka/voidtrace/packages/experiments/src/scenario-patch.test.ts:455  (inclusive field=value)

SENTINEL   /Users/annenpolka/ghq/github.com/annenpolka/voidtrace/packages/rules/src/execution.ts:471  weight <= 0
           excluded numeric sentinel 0 sits on the cut
           CUT    1  /Users/annenpolka/ghq/github.com/annenpolka/voidtrace/packages/rules/src/execution.test.ts:1431  (exclusive field=weight)
           CUT    1  /Users/annenpolka/ghq/github.com/annenpolka/voidtrace/packages/rules/src/execution.test.ts:1450  (exclusive field=weight)
           CUT    1  /Users/annenpolka/ghq/github.com/annenpolka/voidtrace/packages/rules/src/execution.test.ts:1537  (exclusive field=weight)
           CUT    1  /Users/annenpolka/ghq/github.com/annenpolka/voidtrace/packages/rules/src/ruleset.test.ts:277  (exclusive field=weight)
           CUT    0  /Users/annenpolka/ghq/github.com/annenpolka/voidtrace/packages/rules/src/execution.test.ts:1471  (inclusive field=weight)

SENTINEL   /Users/annenpolka/ghq/github.com/annenpolka/voidtrace/packages/rules/src/execution.ts:735  total < 0
           excluded numeric sentinel 0 sits on the cut
           CUT    0  /Users/annenpolka/ghq/github.com/annenpolka/voidtrace/packages/rules/src/execution.ts:1114  (exclusive field=total)

SENTINEL   /Users/annenpolka/ghq/github.com/annenpolka/voidtrace/packages/rules/src/execution.ts:1140  value < 0
           excluded numeric sentinel 0 sits on the cut
           CUT    0  /Users/annenpolka/ghq/github.com/annenpolka/voidtrace/packages/experiments/src/finite-breakpoint.test.ts:498  (exclusive field=value)
           CUT    0  /Users/annenpolka/ghq/github.com/annenpolka/voidtrace/packages/experiments/src/finite-sweep.test.ts:489  (exclusive field=value)
           CUT    0  /Users/annenpolka/ghq/github.com/annenpolka/voidtrace/packages/experiments/src/finite-sweep.test.ts:514  (exclusive field=value)
           CUT    0  /Users/annenpolka/ghq/github.com/annenpolka/voidtrace/packages/experiments/src/scenario-patch.test.ts:202  (exclusive field=value)
           CUT    0  /Users/annenpolka/ghq/github.com/annenpolka/voidtrace/packages/experiments/src/scenario-patch.test.ts:207  (exclusive field=value)
           CUT    0  /Users/annenpolka/ghq/github.com/annenpolka/voidtrace/packages/experiments/src/scenario-patch.test.ts:455  (exclusive field=value)
